CAS	SMILES	InChi	InChiKey	EA, eV	BG, eV
169122-26-3	n12ncc(C(=O)[O-])c1c(=O)n1ncc(C(=O)[O-])c1c2=O		VLSDXMORBHKJST-UHFFFAOYSA-L	3,48	2,64
N/A	C12=C3C(=NO[N+]3=O)C4=NO[N+](=C4C1=NON2[O-])[O-] 	InChI=1S/C6N6O6/c13-10-4-1(7-16-10)2-5(11(14)17-8-2)6-3(4)9-18-12(6)15 	GTCUMJIKFSPSKS-UHFFFAOYSA-N 	2,21	3,89
2564-83-2	CC1(C)CCCC(C)(C)N1[O]	InChI=1S/C9H18NO/c1-8(2)6-5-7-9(3,4)10(8)11/h5-7H2,1-4H3	QYTDEUPAUMOIOP-UHFFFAOYSA-N	0,21	3,81
2892-51-5	OC1=C(O)C(=O)C1=O	InChI=1S/C4H2O4/c5-1-2(6)4(8)3(1)7/h5-6H	PWEBUXCTKOWPCW-UHFFFAOYSA-N	0,41	5,17
62399-57-9	C1=CC=[N+](C=C1)/C(=[N+](\[O-])/[O-])/[N+](=O)[O-]	InChI=1S/C6H5N3O4/c10-8(11)6(9(12)13)7-4-2-1-3-5-7/h1-5H	SOABSTPGCLRIMV-UHFFFAOYSA-N	1,93	3,92
55864-37-4	N#CNc1[nH]c2ccccc2n1	InChI=1S/C8H6N4/c9-5-10-8-11-6-3-1-2-4-7(6)12-8/h1-4H,(H2,10,11,12)	NYLIXUBOFQIMGV-UHFFFAOYSA-N	-0,07	5,33
288-32-4	[nH]1ccnc1	InChI=1S/C3H4N2/c1-2-5-3-4-1/h1-3H,(H,4,5)	RAXXELZNTBOGNW-UHFFFAOYSA-N	-1,03	6,37
5794-62-7	C1=CC(=O)C(=CC1=O)C(=O)O	InChI=1S/C7H4O4/c8-4-1-2-6(9)5(3-4)7(10)11/h1-3H,(H,10,11)	DFAUCRRGILHLPG-UHFFFAOYSA-N	2,56	3,68
81566-86-1	C1=C(C(=O)C=C(C1=O)C(=O)O)C(=O)O	InChI=1S/C8H4O6/c9-5-1-3(7(11)12)6(10)2-4(5)8(13)14/h1-2H,(H,11,12)(H,13,14)	YXUXCIBWQAOXRL-UHFFFAOYSA-N	2,80	3,57
89-05-4	OC(=O)c1cc(C(O)=O)c(cc1C(O)=O)C(O)=O	InChI=1S/C10H6O8/c11-7(12)3-1-4(8(13)14)6(10(17)18)2-5(3)9(15)16/h1-2H,(H,11,12)(H,13,14)(H,15,16)(H,17,18)	CYIDZMCFTVVTJO-UHFFFAOYSA-N	1,76	5,02
N/A (10277-74-4 — neutral)	C1CC2=CC=CC=C2[C@@H]1[NH3+]	InChI=1S/C9H11N/c10-9-6-5-7-3-1-2-4-8(7)9/h1-4,9H,5-6,10H2/p+1/t9-/m1/s1	XJEVHMGJSYVQBQ-SECBINFHSA-O	-0,85	5,98
609-39-2	[O-][N+](=O)c1occc1	InChI=1S/C4H3NO3/c6-5(7)4-2-1-3-8-4/h1-3H	FUBFWTUFPGFHOJ-UHFFFAOYSA-N	1,11	4,74
585-70-6	OC(=O)c1oc(Br)cc1	InChI=1S/C5H3BrO3/c6-4-2-1-3(9-4)5(7)8/h1-2H,(H,7,8)	YVTQHZDUDUCGRD-UHFFFAOYSA-N	0,27	5,06
84864-63-1	O[S](=O)(=O)c1[nH]ccc1	InChI=1S/C4H5NO3S/c6-9(7,8)4-2-1-3-5-4/h1-3,5H,(H,6,7,8)	KKQCQCXUVZBOCL-UHFFFAOYSA-N	0,06	6,03
98-95-3	[O-][N+](=O)c1ccccc1	InChI=1S/C6H5NO2/c8-7(9)6-4-2-1-3-5-6/h1-5H	LQNUZADURLCDLV-UHFFFAOYSA-N	1,14	5,10
19183-14-3	OC(=O)c1ccc(F)cc1	InChI=1S/C7H5FO2/c8-6-3-1-5(2-4-6)7(9)10/h1-4H,(H,9,10)	BBYDXOIZLAWGSL-UHFFFAOYSA-N	0,23	5,67
98-11-3	O[S](=O)(=O)c1ccccc1	InChI=1S/C6H6O3S/c7-10(8,9)6-4-2-1-3-5-6/h1-5H,(H,7,8,9)	SRSXLGNVWSONIS-UHFFFAOYSA-N	0,28	6,18
636-73-7	[O-][S](=O)(=O)c1cccnc1	InChI=1S/C5H5NO3S/c7-10(8,9)5-2-1-3-6-4-5/h1-4H,(H,7,8,9)/p-1	DVECLMOWYVDJRM-UHFFFAOYSA-M	0,59	5,83
59-67-6	OC(=O)c1cccnc1	InChI=1S/C6H5NO2/c8-6(9)5-2-1-3-7-4-5/h1-4H,(H,8,9)	PVNIIMVLHYAWGP-UHFFFAOYSA-N	0,47	5,41
5402-20-0	O[S](=O)(=O)c1ccncc1	InChI=1S/C5H5NO3S/c7-10(8,9)5-1-3-6-4-2-5/h1-4H,(H,7,8,9)	PTWLOSARXIJRRJ-UHFFFAOYSA-N	0,81	5,63
85386-94-3	[O-][n+]1cccc(F)c1Cl	InChI=1S/C5H3ClFNO/c6-5-4(7)2-1-3-8(5)9/h1-3H	DPLJAKHIJWQGJM-UHFFFAOYSA-N	0,21	4,71
2530-26-9	[O-][N+](=O)c1cccnc1	InChI=1S/C5H4N2O2/c8-7(9)5-2-1-3-6-4-5/h1-4H	QLILRKBRWXALIE-UHFFFAOYSA-N	1,41	4,84
1122-28-7	N#Cc1[nH]cnc1C#N	InChI=1S/C5H2N4/c6-1-4-5(2-7)9-3-8-4/h3H,(H,8,9)	XGDRLCRGKUCBQL-UHFFFAOYSA-N	0,76	5,40
14609-74-6	[O-]c1ccc(cc1)[N+]([O-])=O	InChI=1S/C6H5NO3/c8-6-3-1-5(2-4-6)7(9)10/h1-4,8H/p-1	BTJIUGUIPKRLHP-UHFFFAOYSA-M	3,43	3,43
26621-32-9	C1(=NC(=NN1)[N+](=O)[O-])[N+](=O)[O-]	InChI=1S/C2HN5O4/c8-6(9)1-3-2(5-4-1)7(10)11/h(H,3,4,5)	SXMBECNFEHPCNP-UHFFFAOYSA-N	2,38	4,91
33224-18-9	C1=C(C=C(C=C1C#N)[N+](=O)[O-])C#N	InChI=1S/C8H3N3O2/c9-4-6-1-7(5-10)3-8(2-6)11(12)13/h1-3H	YFNQLBUHVOIDIP-UHFFFAOYSA-N	2,30	4,95
51762-67-5	[O-][N+](=O)c1cccc(C#N)c1C#N	InChI=1S/C8H3N3O2/c9-4-6-2-1-3-8(11(12)13)7(6)5-10/h1-3H	UZJZIZFCQFZDHP-UHFFFAOYSA-N	2,29	4,87
4248-33-3	[O-][N+](=O)c1ccc(cc1[N+]([O-])=O)C#N	InChI=1S/C7H3N3O4/c8-4-5-1-2-6(9(11)12)7(3-5)10(13)14/h1-3H	QXFXDEHCVXHEBX-UHFFFAOYSA-N	2,57	4,79
2826-30-4	[O-][N+](=O)c1ccccc1C=C(C#N)C#N	InChI=1S/C10H5N3O2/c11-6-8(7-12)5-9-3-1-2-4-10(9)13(14)15/h1-5H	QGESGQINLPXOJL-UHFFFAOYSA-N	2,52	4,35
3702-88-3	C1=CC2=NO[N+](=C2C=C1[N+](=O)[O-])[O-]	InChI=1S/C6H3N3O4/c10-8(11)4-1-2-5-6(3-4)9(12)13-7-5/h1-3H	HZJXIOCJWZTHSY-UHFFFAOYSA-N	2,38	3,30
5128-28-9	[O-][N+](=O)c1cc(c2no[n+]([O-])c2c1)[N+]([O-])=O	InChI=1S/C6H2N4O6/c11-8(12)3-1-4(9(13)14)6-5(2-3)10(15)16-7-6/h1-2H	YHBBUAULQKLKMW-UHFFFAOYSA-N	3,16	3,20
606-33-7	[O-][N+](=O)c1cc2C(=O)NC(=O)Nc2c(c1)[N+]([O-])=O	InChI=1S/C8H4N4O6/c13-7-4-1-3(11(15)16)2-5(12(17)18)6(4)9-8(14)10-7/h1-2H,(H2,9,10,13,14)	COWHVSLHGUONGN-UHFFFAOYSA-N	2,53	4,20
100-21-0	OC(=O)c1ccc(cc1)C(O)=O	InChI=1S/C8H6O4/c9-7(10)5-1-2-6(4-3-5)8(11)12/h1-4H,(H,9,10)(H,11,12)	KKEYFWRCBNTPAC-UHFFFAOYSA-N	1,14	5,21
NA (548-93-6 — neutral)	C1=CC(=C(C(=C1)[O-])N)C(=O)O	InChI=1S/C7H7NO3/c8-6-4(7(10)11)2-1-3-5(6)9/h1-3,9H,8H2,(H,10,11)/p-1	WJXSWCUQABXPFS-UHFFFAOYSA-M	2,08	2,03
19183-14-3	C1=NC(=C(N1)[N+](=O)[O-])[N+](=O)[O-]	InChI=1S/C3H2N4O4/c8-6(9)2-3(7(10)11)5-1-4-2/h1H,(H,4,5)	CCRNCEKMSVYFLU-UHFFFAOYSA-N	2,14	4,65
16408-06-3	C1=C(C=C(C2=NSN=C21)[N+](=O)[O-])[N+](=O)[O-]	InChI=1S/C6H2N4O4S/c11-9(12)3-1-4-6(8-15-7-4)5(2-3)10(13)14/h1-2H	BYLOIWCTRDPRTP-UHFFFAOYSA-N	2,73	4,13
N/A	C1=C(C=C(C2=C1N[N+]3=C4C=C(C=C(C4=NN23)[N+](=O)[O-])[N+](=O)[O-])[N+](=O)[O-])[N+](=O)[O-]	InChI=1S/C12H5N8O8/c21-17(22)5-1-7-12(10(4-5)20(27)28)16-14-11-8(15(16)13-7)2-6(18(23)24)3-9(11)19(25)26/h1-4,13H/q+1	KYNAZHJNRHDYLJ-UHFFFAOYSA-N	3,27	3,02
98027-99-7	C1=C(C(=C(N=C1[N+](=O)[O-])[N+](=O)[O-])O)[N+](=O)[O-]	InChI=1S/C5H2N4O7/c10-4-2(7(11)12)1-3(8(13)14)6-5(4)9(15)16/h1,10H	QFGZBGIZUAPDSC-UHFFFAOYSA-N	3,08	4,11
37841-25-1	C1=C(C=C(C(=C1[N+](=O)[O-])C#N)[N+](=O)[O-])[N+](=O)[O-]	InChI=1S/C7H2N4O6/c8-3-5-6(10(14)15)1-4(9(12)13)2-7(5)11(16)17/h1-2H	XBQUNNGYNBKOCN-UHFFFAOYSA-N	3,15	4,75
N/A	CC1=CC2=C(C=C1)C3=C(C2=O)C(=CC=C3)C(=O)[O-]	InChI=1S/C15H10O3/c1-8-5-6-9-10-3-2-4-11(15(17)18)13(10)14(16)12(9)7-8/h2-7H,1H3,(H,17,18)/p-1	NZFCEQWXUDQEIS-UHFFFAOYSA-M	3,25	3,51
31551-45-8	C1=CC2=C(C=C1[N+](=O)[O-])C(=O)C3=C2C=CC(=C3)[N+](=O)[O-] 	InChI=1S/C13H6N2O5/c16-13-11-5-7(14(17)18)1-3-9(11)10-4-2-8(15(19)20)6-12(10)13/h1-6H  	HDVGAFBXTXDYIB-UHFFFAOYSA-N	2,64	3,93
129-79-3	C1=CC2=C(C=C1[N+](=O)[O-])C(=O)C3=C2C(=CC(=C3)[N+](=O)[O-])[N+](=O)[O-]	InChI=1S/C13H5N3O7/c17-13-9-3-6(14(18)19)1-2-8(9)12-10(13)4-7(15(20)21)5-11(12)16(22)23/h1-5H 	VHQGURIJMFPBKS-UHFFFAOYSA-N  	3,10	3,95
N/A	C1(=NON=C1N[N+](=O)[O-])N[N+](=O)[O-]  	InChI=1S/C2H2N6O5/c9-7(10)3-1-2(4-8(11)12)6-13-5-1/h(H,3,5)(H,4,6)	SGKIIOORAXZEKD-UHFFFAOYSA-N	4,67	2,30
71-43-2	c1ccccc1	InChI=1S/C6H6/c1-2-4-6-5-3-1/h1-6H	UHOVQNZJYSORNB-UHFFFAOYSA-N	-1,34	6,65
109-97-7	[nH]1cccc1	InChI=1S/C4H5N/c1-2-4-5-3-1/h1-5H	KAESVJOAVNADME-UHFFFAOYSA-N	-1,21	5,98
110-00-9	o1cccc1	InChI=1S/C4H4O/c1-2-4-5-3-1/h1-4H	YLQBMQCUIZJEEH-UHFFFAOYSA-N	-1,52	6,44
118-75-2	ClC1=C(Cl)C(=O)C(=C(Cl)C1=O)Cl	InChI=1S/C6Cl4O2/c7-1-2(8)6(12)4(10)3(9)5(1)11	UGNWTBMOAKPKBL-UHFFFAOYSA-N	2,93	3,44
17422-32-1	Clc1ccc2[nH]ccc2c1	InChI=1S/C8H6ClN/c9-7-1-2-8-6(5-7)3-4-10-8/h1-5,10H	MYTGFBZJLDLWQG-UHFFFAOYSA-N	-0,67	5,16
527-21-9	FC1=C(F)C(=O)C(=C(F)C1=O)F	InChI=1S/C6F4O2/c7-1-2(8)6(12)4(10)3(9)5(1)11	JKLYZOGJWVAIQS-UHFFFAOYSA-N	2,90	3,90
488-48-2	BrC1=C(Br)C(=O)C(=C(Br)C1=O)Br	InChI=1S/C6Br4O2/c7-1-2(8)6(12)4(10)3(9)5(1)11	LWHDQPLUIFIFFT-UHFFFAOYSA-N	2,94	3,27
399-52-0	Fc1ccc2[nH]ccc2c1	InChI=1S/C8H6FN/c9-7-1-2-8-6(5-7)3-4-10-8/h1-5,10H	ODFFPRGJZRXNHZ-UHFFFAOYSA-N	-0,97	5,17
10075-50-0	Brc1ccc2[nH]ccc2c1	InChI=1S/C8H6BrN/c9-7-1-2-8-6(5-7)3-4-10-8/h1-5,10H	VXWVFZFZYXOBTA-UHFFFAOYSA-N	0,08	5,16
4120-02-9	C=C=N	InChI=1S/C2H3N/c1-2-3/h3H,1H2	ZUKSLMGYYPZZJD-UHFFFAOYSA-N	-0,87	6,29
1518-16-7	N#CC(C#N)=C1C=CC(C=C1)=C(C#N)C#N	InChI=1S/C12H4N4/c13-5-11(6-14)9-1-2-10(4-3-9)12(7-15)8-16/h1-4H	PCCVSPMFGIFTHU-UHFFFAOYSA-N	3,72	2,57
110-02-1	s1cccc1	InChI=1S/C4H4S/c1-2-4-5-3-1/h1-4H	YTPLMLYBLZKORZ-UHFFFAOYSA-N	-1,23	6,06
24430-27-1	C1=CSC(=C1Br)[N+](=O)[O-]	InChI=1S/C4H2BrNO2S/c5-3-1-2-9-4(3)6(7)8/h1-2H	UYIHKIRPUMUUJX-UHFFFAOYSA-N	1,46	4,43
400-13-5	Fc1sccc1	InChI=1S/C4H3FS/c5-4-2-1-3-6-4/h1-3H	DXHCHIJMMKQRKR-UHFFFAOYSA-N	-1,33	5,91
96-43-5	Clc1sccc1	InChI=1S/C4H3ClS/c5-4-2-1-3-6-4/h1-3H	GSFNQBFZFXUTBN-UHFFFAOYSA-N	0,11	5,63
1003-09-4	Brc1sccc1	InChI=1S/C4H3BrS/c5-4-2-1-3-6-4/h1-3H	TUCRZHGAIRVWTI-UHFFFAOYSA-N	0,52	5,60
617-90-3	N#Cc1occc1	InChI=1S/C5H3NO/c6-4-5-2-1-3-7-5/h1-3H	YXDXXGXWFJCXEB-UHFFFAOYSA-N	-0,14	5,53
5919-26-6	[O-][N+](=O)c1[nH]ccc1	InChI=1S/C4H4N2O2/c7-6(8)4-2-1-3-5-4/h1-3,5H	FTBBGQKRYUTLMP-UHFFFAOYSA-N	0,86	4,52
7570-47-0	Cc1[nH]c2ccc(cc2c1)[N+]([O-])=O	InChI=1S/C9H8N2O2/c1-6-4-7-5-8(11(12)13)2-3-9(7)10-6/h2-5,10H,1H3	IDJGRXQMAHESOD-UHFFFAOYSA-N	0,73	4,00
245524-93-0	C1=CNC2=C1C(=CC(=C2)[N+](=O)[O-])[N+](=O)[O-]	InChI=1S/C8H5N3O4/c12-10(13)5-3-7-6(1-2-9-7)8(4-5)11(14)15/h1-4,9H	ZDIBNKJWLUKNHH-UHFFFAOYSA-N	1,74	4,01
2105-73-9	C1=CNC(=C1)F	InChI=1S/C4H4FN/c5-4-2-1-3-6-4/h1-3,6H	CVCDRFTUJQLDOH-UHFFFAOYSA-N	-1,18	6,00
56454-22-9	C1=CNC(=C1)Cl	InChI=1S/C4H4ClN/c5-4-2-1-3-6-4/h1-3,6H	PLGXRTUGMZEVII-UHFFFAOYSA-N	-1,14	5,98
38480-28-3	C1=CNC(=C1)Br	InChI=1S/C4H4BrN/c5-4-2-1-3-6-4/h1-3,6H	SAQAERNKMHATDZ-UHFFFAOYSA-N	0,30	5,73
4513-94-4	N#Cc1[nH]ccc1	InChI=1S/C5H4N2/c6-4-5-2-1-3-7-5/h1-3,7H	BQMPGKPTOHKYHS-UHFFFAOYSA-N	-0,62	5,66
462-06-6	Fc1ccccc1	InChI=1S/C6H5F/c7-6-4-2-1-3-5-6/h1-5H	PYLWMHQQBFSUBP-UHFFFAOYSA-N	-1,04	6,28
108-90-7	Clc1ccccc1	InChI=1S/C6H5Cl/c7-6-4-2-1-3-5-6/h1-5H	MVPPADPHJFYWMZ-UHFFFAOYSA-N	-0,21	6,15
108-86-1	Brc1ccccc1	InChI=1S/C6H5Br/c7-6-4-2-1-3-5-6/h1-5H	QARVLSVVCXYDNA-UHFFFAOYSA-N	0,22	6,06
626-55-1	Brc1cccnc1	InChI=1S/C5H4BrN/c6-5-2-1-3-7-4-5/h1-4H	NYPYPOZNGOXYSU-UHFFFAOYSA-N	-0,29	5,79
626-60-8	Clc1cccnc1	InChI=1S/C5H4ClN/c6-5-2-1-3-7-4-5/h1-4H	PWRBCZZQRRPXAB-UHFFFAOYSA-N	-0,33	5,90
372-47-4	Fc1cccnc1	InChI=1S/C5H4FN/c6-5-2-1-3-7-4-5/h1-4H	CELKOWQJPVJKIL-UHFFFAOYSA-N	-0,47	6,08
6332-56-5	[O-][N+](=O)C1=CC=CNC1=O	InChI=1S/C5H4N2O3/c8-5-4(7(9)10)2-1-3-6-5/h1-3H,(H,6,8)	BOAFCICMVMFLIT-UHFFFAOYSA-N	1,39	4,19
132993-20-5	C1CCN(C1)C2=CC(=CC=C2)[N+](=O)[O-]	InChI=1S/C10H12N2O2/c13-12(14)10-5-3-4-9(8-10)11-6-1-2-7-11/h3-5,8H,1-2,6-7H2	GRNJGZQBTNJPIL-UHFFFAOYSA-N	0,92	3,35
66-22-8	O=C1NC=CC(=O)N1	InChI=1S/C4H4N2O2/c7-3-1-2-5-4(8)6-3/h1-2H,(H2,5,6,7,8)	ISAKRJDGNUQOIC-UHFFFAOYSA-N	0,01	5,64
932-64-9	[O-][N+](=O)C1=NC(=O)NN1	InChI=1S/C2H2N4O3/c7-2-3-1(4-5-2)6(8)9/h(H2,3,4,5,7)	QJTIRVUEVSKJTK-UHFFFAOYSA-N	2,03	3,63
2683-90-1	O=C1N=CN=C2NNN=C12	InChI=1S/C4H3N5O/c10-4-2-3(5-1-6-4)8-9-7-2/h1H,(H2,5,6,7,8,9,10)	OEEYCNOOAHGFHL-UHFFFAOYSA-N	1,79	3,95
1124-33-0	[O-][N+](=O)c1cc[n+]([O-])cc1	InChI=1S/C5H4N2O3/c8-6-3-1-5(2-4-6)7(9)10/h1-4H	RXKNNAKAVAHBNK-UHFFFAOYSA-N	1,80	3,78
24807-55-4	[O-][N+](=O)c1[nH]ncn1	InChI=1S/C2H2N4O2/c7-6(8)2-3-1-4-5-2/h1H,(H,3,4,5)	KUEFXPHXHHANKS-UHFFFAOYSA-N	1,66	5,23
56797-78-5	[O-][N+](=O)N1C(=O)NC=CC1=O	InChI=1S/C4H3N3O4/c8-3-1-2-5-4(9)6(3)7(10)11/h1-2H,(H,5,9)	FIGJKSJMYKOQFM-UHFFFAOYSA-N	2,23	5,00
611-08-5	[O-][N+](=O)C1=CNC(=O)NC1=O	InChI=1S/C4H3N3O4/c8-3-2(7(10)11)1-5-4(9)6-3/h1H,(H2,5,6,8,9)	TUARVSWVPPVUGS-UHFFFAOYSA-N	1,57	4,99
38858-89-8	[O-][N+](=O)c1[nH]nc(c1)[N+]([O-])=O	InChI=1S/C3H2N4O4/c8-6(9)2-1-3(5-4-2)7(10)11/h1H,(H,4,5)	UKZXCZWGGXVKNN-UHFFFAOYSA-N	2,06	5,13
3272-08-0	[O-]c1ccc(cc1[N+]([O-])=O)C#N	InChI=1S/C7H4N2O3/c8-4-5-1-2-7(10)6(3-5)9(11)12/h1-3,10H/p-1	INBLGVOPOSGVTA-UHFFFAOYSA-M	1,52	4,64
6583-06-8	[O-][N+](=O)c1cccc2nsnc12	InChI=1S/C6H3N3O2S/c10-9(11)5-3-1-2-4-6(5)8-12-7-4/h1-3H	IWQKAMJGVIHECB-UHFFFAOYSA-N	1,97	4,18
83809-87-4	[O-][N+](=O)C1=NN=C2N=CNN2C1=O	InChI=1S/C4H2N6O3/c11-3-2(10(12)13)7-8-4-5-1-6-9(3)4/h1H,(H,5,6,8)	PJWJEUJIMJNSEA-UHFFFAOYSA-N	1,73	4,65
273-15-4	c1ccc2N=[Se]=Nc2c1	InChI=1S/C6H4N2Se/c1-2-4-6-5(3-1)7-9-8-6/h1-4H	AYTPIVIDHMVGSX-UHFFFAOYSA-N	1,06	4,02
50365-37-2	C1=C2C(=CC(=C1[N+](=O)[O-])[N+](=O)[O-])N=CN2	InChI=1S/C7H4N4O4/c12-10(13)6-1-4-5(9-3-8-4)2-7(6)11(14)15/h1-3H,(H,8,9)	GJKUZDYIYKJZOB-UHFFFAOYSA-N	1,72	4,66
616-74-0	Oc1cc(O)c(cc1[N+]([O-])=O)[N+]([O-])=O	InChI=1S/C6H4N2O6/c9-5-2-6(10)4(8(13)14)1-3(5)7(11)12/h1-2,9-10H	MBXIRNHACKAGPA-UHFFFAOYSA-N	1,38	4,87
1445-69-8	O=C1N=NC(=O)C2C=CC=CC12	InChI=1S/C8H6N2O2/c11-7-5-3-1-2-4-6(5)8(12)10-9-7/h1-6H	JNQUJPBFSQETPT-UHFFFAOYSA-N	0,47	4,65
480-96-6	[O-][n+]1onc2ccccc12	InChI=1S/C6H4N2O2/c9-8-6-4-2-1-3-5(6)7-10-8/h1-4H	OKEAMBAZBICIFP-UHFFFAOYSA-N	1,22	3,56
15264-44-5	[O-][N+](=O)c1ccc2conc2c1	InChI=1S/C7H4N2O3/c10-9(11)6-2-1-5-4-12-8-7(5)3-6/h1-4H	VXUKBYHFZXHKFY-UHFFFAOYSA-N	1,76	3,81
22902-67-6	C1=CC(=NC2=C1NC(=O)N2)[N+](=O)[O-]	InChI=1S/C6H4N4O3/c11-6-7-3-1-2-4(10(12)13)8-5(3)9-6/h1-2H,(H2,7,8,9,11)	TXAMXRHQYUGXOV-UHFFFAOYSA-N	1,35	4,25
613-50-3	[O-][N+](=O)c1ccc2ncccc2c1	InChI=1S/C9H6N2O2/c12-11(13)8-3-4-9-7(6-8)2-1-5-10-9/h1-6H	SMHPLBXIVNQFBA-UHFFFAOYSA-N	1,54	4,33
24824-27-9	[O-][N+](=O)c1ccc2ccc(cc2c1)[N+]([O-])=O	InChI=1S/C10H6N2O4/c13-11(14)9-3-1-7-2-4-10(12(15)16)6-8(7)5-9/h1-6H	AFDWAIQLYHEUIW-UHFFFAOYSA-N	1,97	4,14
40423-49-2	C1=CN=C(C2=C1NC(=O)N2)[N+](=O)[O-]	InChI=1S/C6H4N4O3/c11-6-8-3-1-2-7-5(10(12)13)4(3)9-6/h1-2H,(H2,8,9,11)	XPQAXDITCSTPAJ-UHFFFAOYSA-N	1,56	4,15
930-33-6	O=C1NNC=N1	InChI=1S/C2H3N3O/c6-2-3-1-4-5-2/h1H,(H2,3,4,5,6)	LZTSCEYDCZBRCJ-UHFFFAOYSA-N	-0,41	5,80
61241-07-4	[O-][N+](=O)c1cn[nH]c1C#N	InChI=1S/C4H2N4O2/c5-1-3-4(8(9)10)2-6-7-3/h2H,(H,6,7)	BLSWMOIYTDLKTA-UHFFFAOYSA-N	1,71	5,19
89-32-7	O=C1OC(=O)c2cc3C(=O)OC(=O)c3cc12	InChI=1S/C10H2O6/c11-7-3-1-4-6(10(14)16-8(4)12)2-5(3)9(13)15-7/h1-2H	ANSXAPJVJOKRDJ-UHFFFAOYSA-N	2,76	4,74
2550-73-4	O=C1NC(=O)c2cc3C(=O)NC(=O)c3cc12	InChI=1S/C10H4N2O4/c13-7-3-1-4-6(10(16)12-8(4)14)2-5(3)9(15)11-7/h1-2H,(H,11,13,15)(H,12,14,16)	UGQZLDXDWSPAOM-UHFFFAOYSA-N	2,23	4,49
29261-33-4	FC1=C(F)C(C(=C(F)C1=C(C#N)C#N)F)=C(C#N)C#N	InChI=1S/C12F4N4/c13-9-7(5(1-17)2-18)10(14)12(16)8(11(9)15)6(3-19)4-20	IXHWGNYCZPISET-UHFFFAOYSA-N	4,19	2,46
107-21-1	OCCO	InChI=1S/C2H6O2/c3-1-2-4/h3-4H,1-2H2	LYCAIKOWRPUZTN-UHFFFAOYSA-N	-1,04	7,73
100-51-6	OCc1ccccc1	InChI=1S/C7H8O/c8-6-7-4-2-1-3-5-7/h1-5,8H,6H2	WVDDGKGOMKODPV-UHFFFAOYSA-N	-0,72	6,34
141-78-6	CCOC(C)=O	InChI=1S/C4H8O2/c1-3-6-4(2)5/h3H2,1-2H3	XEKOWRVHYACXOJ-UHFFFAOYSA-N	-1,21	7,68
64-17-5	CCO	InChI=1S/C2H6O/c1-2-3/h3H,2H2,1H3	LFQSCWFLJHTTHZ-UHFFFAOYSA-N	-1,27	7,66
67-64-1	CC(C)=O	InChI=1S/C3H6O/c1-3(2)4/h1-2H3	CSCPPACGZOOCGX-UHFFFAOYSA-N	-0,81	6,12
98-82-8	CC(C)c1ccccc1	InChI=1S/C9H12/c1-8(2)9-6-4-3-5-7-9/h3-8H,1-2H3	RWGFKTVRMDUZSP-UHFFFAOYSA-N	-1,07	6,38
N/A (121-92-6 — neutral)	C1=CC(=CC(=C1)[N+](=O)[O-])C(=O)[O-]	InChI=1S/C7H5NO4/c9-7(10)5-2-1-3-6(4-5)8(11)12/h1-4H,(H,9,10)/p-1	AFPHTEQTJZKQAQ-UHFFFAOYSA-M	1,46	5,19
528-29-0	C1=CC=C(C(=C1)[N+](=O)[O-])[N+](=O)[O-]	InChI=1S/C6H4N2O4/c9-7(10)5-3-1-2-4-6(5)8(11)12/h1-4H	IZUKQUVSCNEFMJ-UHFFFAOYSA-N	1,93	4,97
97-02-9	C1=CC(=C(C=C1[N+](=O)[O-])[N+](=O)[O-])N	InChI=1S/C6H5N3O4/c7-5-2-1-4(8(10)11)3-6(5)9(12)13/h1-3H,7H2	LXQOQPGNCGEELI-UHFFFAOYSA-N	1,64	4,06
N/A	C(#N)C(=C1C2=NON=C2C(=C(C#N)C#N)C3=NON=C13)C#N	InChI=1S/C12N8O2/c13-1-5(2-14)7-9-11(19-21-17-9)8(6(3-15)4-16)12-10(7)18-22-20-12	UWBKLNBXTQHQFR-UHFFFAOYSA-N	3,78	3,53
N/A	C1=CN2C(=C(C(=N2)[N+](=O)[O-])[N+](=O)[O-])N=C1  	InChI=1S/C6H3N5O4/c12-10(13)4-5-7-2-1-3-9(5)8-6(4)11(14)15/h1-3H	DMHYUMSRQAKROC-UHFFFAOYSA-N	1,99	4,72
551-62-2	Fc1ccc(F)c(F)c1F	InChI=1S/C6H2F4/c7-3-1-2-4(8)6(10)5(3)9/h1-2H	SOZFIIXUNAKEJP-UHFFFAOYSA-N	-0,06	6,23
106-51-4	O=C1C=CC(=O)C=C1	InChI=1S/C6H4O2/c7-5-1-2-6(8)4-3-5/h1-4H	AZQWKYJCGOJGHM-UHFFFAOYSA-N	2,11	3,87
527-61-7	CC1=CC(=O)C=C(C)C1=O	InChI=1S/C8H8O2/c1-5-3-7(9)4-6(2)8(5)10/h3-4H,1-2H3	SENUUPBBLQWHMF-UHFFFAOYSA-N	1,92	3,88
16156-59-5	C[S](=O)(=O)Oc1ccccc1	InChI=1S/C7H8O3S/c1-11(8,9)10-7-5-3-2-4-6-7/h2-6H,1H3	WXVUCMFEGJUVTN-UHFFFAOYSA-N	0,94	6,40
23784-96-5	ClCc1sc(Cl)cc1	InChI=1S/C5H4Cl2S/c6-3-4-1-2-5(7)8-4/h1-2H,3H2	MQTKXCOGYOYAMW-UHFFFAOYSA-N	1,38	5,17
1003-31-2	N#Cc1sccc1	InChI=1S/C5H3NS/c6-4-5-2-1-3-7-5/h1-3H	CUPOOAWTRIURFT-UHFFFAOYSA-N	0,22	5,30
527-69-5	ClC(=O)c1occc1	InChI=1S/C5H3ClO2/c6-5(7)4-2-1-3-8-4/h1-3H	OFTKFKYVSBNYEC-UHFFFAOYSA-N	0,70	5,04
6047-91-2	O=C(C#N)c1occc1	InChI=1S/C6H3NO2/c7-4-5(8)6-2-1-3-9-6/h1-3H	BITJKGFKDMCINV-UHFFFAOYSA-N	1,37	4,55
13466-38-1	BrC1=CNC(=O)C=C1	InChI=1S/C5H4BrNO/c6-4-1-2-5(8)7-3-4/h1-3H,(H,7,8)	NDMZZQRNZFWMEZ-UHFFFAOYSA-N	0,23	4,52
5718-88-7	O=C1NC(=O)\C(S1)=C\c2occc2	InChI=1S/C8H5NO3S/c10-7-6(13-8(11)9-7)4-5-2-1-3-12-5/h1-4H,(H,9,10,11)/b6-4-	OZIVFRZKBDVKEO-XQRVVYSFSA-N	1,27	3,71
16136-52-0	N#Cc1cccc2[nH]ccc12	InChI=1S/C9H6N2/c10-6-7-2-1-3-9-8(7)4-5-11-9/h1-5,11H	CEUFGDDOMXCXFW-UHFFFAOYSA-N	0,13	4,66
31125-07-2	C1=CC(=CC=C1C#N)N=O	InChI=1S/C7H4N2O/c8-5-6-1-3-7(9-10)4-2-6/h1-4H	UBLUNBIUDODHRO-UHFFFAOYSA-N	2,12	3,10
139152-08-2	C1=C(C(=CC(=C1Cl)Cl)C#N)C#N	InChI=1S/C8H2Cl2N2/c9-7-1-5(3-11)6(4-12)2-8(7)10/h1-2H	SRIJSZQFAMLVQV-UHFFFAOYSA-N	1,53	4,96
623-00-7	Brc1ccc(cc1)C#N	InChI=1S/C7H4BrN/c8-7-3-1-6(5-9)2-4-7/h1-4H	HQSCPPCMBMFJJN-UHFFFAOYSA-N	0,44	5,34
455-15-2	C[S](=O)(=O)c1ccc(F)cc1	InChI=1S/C7H7FO2S/c1-11(9,10)7-4-2-6(8)3-5-7/h2-5H,1H3	DPJHZJGAGIWXTD-UHFFFAOYSA-N	0,14	6,21
100-47-0	N#Cc1ccccc1	InChI=1S/C7H5N/c8-6-7-4-2-1-3-5-7/h1-5H	JFDZBHWFFUWGJE-UHFFFAOYSA-N	0,09	5,81
100-54-9	N#Cc1cccnc1	InChI=1S/C6H4N2/c7-4-6-2-1-3-8-5-6/h1-3,5H	GZPHSAQLYPIAIN-UHFFFAOYSA-N	0,44	5,72
10445-91-7	C1=CN=CC=C1CCl	InChI=1S/C6H6ClN/c7-5-6-1-3-8-4-2-6/h1-4H,5H2	WZIYCIBURCPKAR-UHFFFAOYSA-N	1,09	5,75
55644-07-0	N#Cc1nonc1C#N	InChI=1S/C4N4O/c5-1-3-4(2-6)8-9-7-3	BTZCEZGZARPAIA-UHFFFAOYSA-N	1,84	6,13
91-15-6	N#Cc1ccccc1C#N	InChI=1S/C8H4N2/c9-5-7-3-1-2-4-8(7)6-10/h1-4H	XQZYPMVTSDWCCE-UHFFFAOYSA-N	1,06	5,42
2893-33-6	N#Cc1cccc(n1)C#N	InChI=1S/C7H3N3/c8-4-6-2-1-3-7(5-9)10-6/h1-3H	XNPMXMIWHVZGMJ-UHFFFAOYSA-N	1,14	5,62
30757-50-7	C1=CC(=C(C=C1O)C#N)C#N	InChI=1S/C8H4N2O/c9-4-6-1-2-8(11)3-7(6)5-10/h1-3,11H	FTVOPKROFUTOKY-UHFFFAOYSA-N	0,99	4,97
491-38-3	O=C1C=COc2ccccc12	InChI=1S/C9H6O2/c10-8-5-6-11-9-4-2-1-3-7(8)9/h1-6H	OTAFHZMPRISVEM-UHFFFAOYSA-N	0,32	5,01
91-64-5	O=C1Oc2ccccc2C=C1	InChI=1S/C9H6O2/c10-9-6-5-7-3-1-2-4-8(7)11-9/h1-6H	ZYGHJZDHTFUPRJ-UHFFFAOYSA-N	0,68	4,61
32278-54-9	C1=CN=C2N(C1=O)C=CS2	InChI=1S/C6H4N2OS/c9-5-1-2-7-6-8(5)3-4-10-6/h1-4H	UEZROEGYRDHMRV-UHFFFAOYSA-N	0,23	4,61
78593-40-5	C#CC1=CC2=CC=CC=C2N=C1	InChI=1S/C11H7N/c1-2-9-7-10-5-3-4-6-11(10)12-8-9/h1,3-8H	ASBDHAOKWPWQMZ-UHFFFAOYSA-N	0,57	4,54
613-46-7	N#Cc1ccc2ccccc2c1	InChI=1S/C11H7N/c12-8-9-5-6-10-3-1-2-4-11(10)7-9/h1-7H	AZKDTTQQTKDXLH-UHFFFAOYSA-N	0,64	4,56
24294-89-1	C12=NON=C1NC(=O)C(=O)N2	InChI=1S/C4H2N4O3/c9-3-4(10)6-2-1(5-3)7-11-8-2/h(H,5,7,9)(H,6,8,10)	AFJDXTDPQNIWOX-UHFFFAOYSA-N	1,31	5,09
1198-30-7	N#Cc1nccc2ccccc12	InChI=1S/C10H6N2/c11-7-10-9-4-2-1-3-8(9)5-6-12-10/h1-6H	HJHXYSBRTVFEDD-UHFFFAOYSA-N	1,07	4,41
4733-50-0	Oc1ccc(O)c(C#N)c1C#N	InChI=1S/C8H4N2O2/c9-3-5-6(4-10)8(12)2-1-7(5)11/h1-2,11-12H	MPAIWVOBMLSHQA-UHFFFAOYSA-N	1,09	4,35
2602-85-9	C1=CC=C2C(=C1)N=C(S2)C#N	InChI=1S/C8H4N2S/c9-5-8-10-6-3-1-2-4-7(6)11-8/h1-4H	UYHQUNLVWOAJQW-UHFFFAOYSA-N	1,05	4,69
487-21-8	O=C1NC(=O)c2nccnc2N1	InChI=1S/C6H4N4O2/c11-5-3-4(8-2-1-7-3)9-6(12)10-5/h1-2H,(H2,8,9,10,11,12)	UYEUUXMDVNYCAM-UHFFFAOYSA-N	1,27	4,71
15119-34-3	O=C1Oc2ccccc2C=C1C#N	InChI=1S/C10H5NO2/c11-6-8-5-7-3-1-2-4-9(7)13-10(8)12/h1-5H	QKJALQPLNMEDAV-UHFFFAOYSA-N	1,60	4,25
217491-04-8	C1=CC2=NON=C2C3=C1N=NC=C3	InChI=1S/C8H4N4O/c1-2-7-8(12-13-11-7)5-3-4-9-10-6(1)5/h1-4H	ROYWDHJBGXPIPF-UHFFFAOYSA-N	1,46	4,03
248-02-2	s1c2ccccc2n3nnnc13	InChI=1S/C7H4N4S/c1-2-4-6-5(3-1)11-7(12-6)8-9-10-11/h1-4H	IUMRBKDMFRMZFM-UHFFFAOYSA-N	0,25	5,33
5334-23-6	C1=NNC2=C1C(=S)N=CN2	InChI=1S/C5H4N4S/c10-5-3-1-8-9-4(3)6-2-7-5/h1-2H,(H2,6,7,8,9,10)	PYAOPMWCFSVFOT-UHFFFAOYSA-N	0,52	3,52
81-08-3	O=C1O[S](=O)(=O)c2ccccc12	InChI=1S/C7H4O4S/c8-7-5-3-1-2-4-6(5)12(9,10)11-7/h1-4H	NCYNKWQXFADUOZ-UHFFFAOYSA-N	1,36	5,66
940-76-1	Fc1ccc(SC(F)(F)F)cc1	InChI=1S/C7H4F4S/c8-5-1-3-6(4-2-5)12-7(9,10)11/h1-4H	BTKQCAUEXFTVNT-UHFFFAOYSA-N	0,29	6,12
211-16-5	C1=CC2=NSN=C2C3=NSN=C31	InChI=1S/C6H2N4S2/c1-2-4-6(10-12-8-4)5-3(1)7-11-9-5/h1-2H	MZIWFHXCHAYULH-UHFFFAOYSA-N	1,17	4,55
6293-09-0	O=C1N=NC(=O)C2N=CNC12	InChI=1S/C5H4N4O2/c10-4-2-3(7-1-6-2)5(11)9-8-4/h1-3H,(H,6,7)	CGJGSVVFZOZGDO-UHFFFAOYSA-N	0,43	4,97
2067-84-7	O=C1Nc2cccnc2NC1=O	InChI=1S/C7H5N3O2/c11-6-7(12)10-5-4(9-6)2-1-3-8-5/h1-3H,(H,9,11)(H,8,10,12)	ZTCJWOFMAWQWRD-UHFFFAOYSA-N	0,70	4,66
461-89-2	O=C1NN=CC(=O)N1	InChI=1S/C3H3N3O2/c7-2-1-4-6-3(8)5-2/h1H,(H2,5,6,7,8)	SSPYSWLZOPCOLO-UHFFFAOYSA-N	0,78	5,46
25939-87-1	C1=CN2C(=C(C=N2)C#N)N=C1	InChI=1S/C7H4N4/c8-4-6-5-10-11-3-1-2-9-7(6)11/h1-3,5H	RRHORVAOECWFPT-UHFFFAOYSA-N	0,89	4,47
108-31-6	O=C1OC(=O)C=C1	InChI=1S/C4H2O3/c5-3-1-2-4(6)7-3/h1-2H	FPYJFEHAWHCUMM-UHFFFAOYSA-N	1,63	5,04
75-09-2	ClCCl	InChI=1S/CH2Cl2/c2-1-3/h1H2	YMWUJEATGCHHMB-UHFFFAOYSA-N	0,20	7,73
327-54-8	C1=C(C(=CC(=C1F)F)F)F	InChI=1S/C6H2F4/c7-3-1-4(8)6(10)2-5(3)9/h1-2H	SDXUIOOHCIQXRP-UHFFFAOYSA-N	-0,35	5,87
119-61-9	C1=CC=C(C=C1)C(=O)C2=CC=CC=C2	InChI=1S/C13H10O/c14-13(11-7-3-1-4-8-11)12-9-5-2-6-10-12/h1-10H	RWCCWEUUXYIKHB-UHFFFAOYSA-N	0,86	4,90
17698-86-1	C1=CC=C2C(=C1)C3=C(C2=O)C(=C(C(=C3F)F)F)F	InChI=1S/C13H4F4O/c14-9-7-5-3-1-2-4-6(5)13(18)8(7)10(15)12(17)11(9)16/h1-4H	QBZOIEIJWHHELD-UHFFFAOYSA-N	1,67	3,94
91-20-3	C1=CC=C2C=CC=CC2=C1	InChI=1S/C10H8/c1-2-6-10-8-4-3-7-9(10)5-1/h1-8H	UFWIBTONFRDIAS-UHFFFAOYSA-N	-0,25	4,78
120-12-7	C1=CC=C2C=C3C=CC=CC3=CC2=C1	InChI=1S/C14H10/c1-2-6-12-10-14-8-4-3-7-13(14)9-11(12)5-1/h1-10H	MWPLVEDNUUSJAV-UHFFFAOYSA-N	0,56	3,57
3096-52-4	C1=CC=C2C(=C1)C3=C(C2=O)C=C(C=C3)[N+](=O)[O-]	InChI=1S/C6H6/c1-2-4-6-5-3-1/h1-6H	UHOVQNZJYSORNB-UHFFFAOYSA-N	1,94	3,91
4269-20-9	C1=CC=C2C(=C1)C3=C(C=CC=C3C2=O)C#N	InChI=1S/C4H4O/c1-2-4-5-3-1/h1-4H	YLQBMQCUIZJEEH-UHFFFAOYSA-N	1,61	3,99
83-32-9	C1CC2=CC=CC3=C2C1=CC=C3	InChI=1S/C6H5NO3/c8-6-3-1-5(2-4-6)7(9)10/h1-4,8H/p-1	BTJIUGUIPKRLHP-UHFFFAOYSA-M	-0,38	4,64
602-87-9	C1CC2=CC=C(C3=CC=CC1=C23)[N+](=O)[O-]	InChi=1S/C10H4N4O6/c15-7-3(9(17)18)1-11-13(5)8(16)6-4(10(19)20)2-12-14(6)7/h1-2H,(H,17,18)(H,19,20)/p-2	VLSDXMORBHKJST-UHFFFAOYSA-L	1,24	3,77
553-97-9	CC1=CC(=O)C=CC1=O	InChI=1S/C7H6O2/c1-5-4-6(8)2-3-7(5)9/h2-4H,1H3	VTWDKFNVVLAELH-UHFFFAOYSA-N	2,01	3,88
19832-87-2	CC1=CC(=O)C(=CC1=O)Cl	InChI=1S/C7H5ClO2/c1-4-2-7(10)5(8)3-6(4)9/h2-3H,1H3	BIUBEGIHROOPTQ-UHFFFAOYSA-N	2,28	3,97
4592-97-6	CC1=C(Cl)C(=O)C(=C(Cl)C1=O)Cl	InChI=1S/C7H3Cl3O2/c1-2-3(8)7(12)5(10)4(9)6(2)11/h1H3	ZBWPOKNIKGLQBA-UHFFFAOYSA-N	2,67	3,56
46010-98-4	CC1=C(Cl)C(=O)C(=C(Cl)C1=O)C	InChI=1S/C8H6Cl2O2/c1-3-5(9)8(12)4(2)6(10)7(3)11/h1-2H3	VCJSHLWROQUHPY-UHFFFAOYSA-N	2,41	3,70
84-58-2	ClC1=C(Cl)C(=O)C(=C(C#N)C1=O)C#N	InChI=1S/C8Cl2N2O2/c9-5-6(10)8(14)4(2-12)3(1-11)7(5)13	HZNVUJQVZSTENZ-UHFFFAOYSA-N	3,80	3,29
6317-27-7	C[S](=O)(=O)Oc1ccc(Cl)cc1	InChI=1S/C7H7ClO3S/c1-12(9,10)11-7-4-2-6(8)3-5-7/h2-5H,1H3	LSGFXGPDQYGPDG-UHFFFAOYSA-N	1,21	6,01
28804-47-9	CO[S](=O)(=O)Cc1ccccc1	InChI=1S/C8H10O3S/c1-11-12(9,10)7-8-5-3-2-4-6-8/h2-6H,7H2,1H3	MNRGFUBMMILKAL-UHFFFAOYSA-N	0,99	6,24
86358-28-3	O=C(C(=O)c1ccccc1)c2occc2	InChI=1S/C12H8O3/c13-11(9-5-2-1-3-6-9)12(14)10-7-4-8-15-10/h1-8H	RRHBYDSLXIHTGW-UHFFFAOYSA-N	1,59	3,88
31375-00-5	O[S](=O)(=O)c1ccccc1[S](O)(=O)=O	InChI=1S/C6H6O6S2/c7-13(8,9)5-3-1-2-4-6(5)14(10,11)12/h1-4H,(H,7,8,9)(H,10,11,12)	MIAUJDCQDVWHEV-UHFFFAOYSA-N	1,37	5,94
13362-78-2	c1cc(ccn1)\C=C\c2ccncc2	InChI=1S/C12H10N2/c1(11-3-7-13-8-4-11)2-12-5-9-14-10-6-12/h1-10H/b2-1+	MGFJDEHFNMWYBD-OWOJBTEDSA-N	1,21	4,25
273-13-2	s1nc2ccccc2n1	InChI=1S/C6H4N2S/c1-2-4-6-5(3-1)7-9-8-6/h1-4H	PDQRQJVPEFGVRK-UHFFFAOYSA-N	0,88	4,33
19155-86-3	C1=CC2=NON=C2C=C1Cl	InChI=1S/C6H3ClN2O/c7-4-1-2-5-6(3-4)9-10-8-5/h1-3H	DGGUUSPCQWWLRM-UHFFFAOYSA-N	1,30	4,32
15804-19-0	O=C1Nc2ccccc2NC1=O	InChI=1S/C8H6N2O2/c11-7-8(12)10-6-4-2-1-3-5(6)9-7/h1-4H,(H,9,11)(H,10,12)	ABJFBJGGLJVMAQ-UHFFFAOYSA-N	0,47	4,70
2213-63-0	Clc1nc2ccccc2nc1Cl	InChI=1S/C8H4Cl2N2/c9-7-8(10)12-6-4-2-1-3-5(6)11-7/h1-4H	SPSSDDOTEZKOOV-UHFFFAOYSA-N	1,19	4,66
2592-95-2	N.On1nnc2ccccc12	InChI=1S/C6H5N3O.H3N/c10-9-6-4-2-1-3-5(6)7-8-9;/h1-4,10H;1H3	URQAMACHHWVNRD-UHFFFAOYSA-N	0,47	4,75
6146-52-7	[O-][N+](=O)c1ccc2[nH]ccc2c1	InChI=1S/C8H6N2O2/c11-10(12)7-1-2-8-6(5-7)3-4-9-8/h1-5,9H	OZFPSOBLQZPIAV-UHFFFAOYSA-N	0,80	4,15
3244-54-0	[O-][N+](=O)c1ccc2[nH]c3ccc(cc3c2c1)[N+]([O-])=O	InChI=1S/C12H7N3O4/c16-14(17)7-1-3-11-9(5-7)10-6-8(15(18)19)2-4-12(10)13-11/h1-6,13H	IARXLBTXILYASE-UHFFFAOYSA-N	1,64	4,17
4543-33-3	[O-][N+](=O)c1cc2c([nH]c3c2cc(cc3[N+]([O-])=O)[N+]([O-])=O)c(c1)[N+]([O-])=O	InChI=1S/C12H5N5O8/c18-14(19)5-1-7-8-2-6(15(20)21)4-10(17(24)25)12(8)13-11(7)9(3-5)16(22)23/h1-4,13H	JUSWGNJYSBSOFM-UHFFFAOYSA-N	2,69	4,18
28453-24-9	[O-][N+](=O)c1cc2[nH]c3cc(cc(c3c2c(c1)[N+]([O-])=O)[N+]([O-])=O)[N+]([O-])=O	InChI=1S/C12H5N5O8/c18-14(19)5-1-7-11(9(3-5)16(22)23)12-8(13-7)2-6(15(20)21)4-10(12)17(24)25/h1-4,13H	VSMSIASZXNTHEN-UHFFFAOYSA-N	3,02	3,55
69-93-2	O=C1NC(=O)C2=C(N1)NC(=O)N2	InChI=1S/C5H4N4O3/c10-3-1-2(7-4(11)6-1)8-5(12)9-3/h(H4,6,7,8,9,10,11,12)	LEHOTFFKMJEONL-UHFFFAOYSA-N	-0,29	4,98
948-60-7	NC1=NC(=O)c2nc(cnc2N1)C(O)=O	InChI=1S/C7H5N5O3/c8-7-11-4-3(5(13)12-7)10-2(1-9-4)6(14)15/h1H,(H,14,15)(H3,8,9,11,12,13)	QABAUCFGPWONOG-UHFFFAOYSA-N	1,29	4,31
6921-26-2	[O-][N+](=O)c1ccc(c2ccccc12)[N+]([O-])=O	InChI=1S/C10H6N2O4/c13-11(14)9-5-6-10(12(15)16)8-4-2-1-3-7(8)9/h1-6H	GQBQDMFMXMUHAA-UHFFFAOYSA-N	2,43	3,77
605-71-0	[O-][N+](=O)c1cccc2c1cccc2[N+]([O-])=O	InChI=1S/C10H6N2O4/c13-11(14)9-5-1-3-7-8(9)4-2-6-10(7)12(15)16/h1-6H	ZUTCJXFCHHDFJS-UHFFFAOYSA-N	2,15	4,05
58-27-5	CC1=CC(=O)c2ccccc2C1=O	InChI=1S/C11H8O2/c1-7-6-10(12)8-4-2-3-5-9(8)11(7)13/h2-6H,1H3	MJVAVZPDRWSRRC-UHFFFAOYSA-N	1,85	4,04
490-91-5	CC(C)C1=CC(=O)C(=CC1=O)C	InChI=1S/C10H12O2/c1-6(2)8-5-9(11)7(3)4-10(8)12/h4-6H,1-3H3	KEQHJBNSCLWCAE-UHFFFAOYSA-N	1,93	3,88
555-16-8	[O-][N+](=O)c1ccc(C=O)cc1	InChI=1S/C7H5NO3/c9-5-6-1-3-7(4-2-6)8(10)11/h1-5H	BXRFQSNOROATLV-UHFFFAOYSA-N	1,97	4,42
528-75-6	[O-][N+](=O)c1ccc(C=O)c(c1)[N+]([O-])=O	InChI=1S/C7H4N2O5/c10-4-5-1-2-6(8(11)12)3-7(5)9(13)14/h1-4H	ZILXIZUBLXVYPI-UHFFFAOYSA-N	2,53	4,38
84-65-1	O=C1c2ccccc2C(=O)c3ccccc13	InChI=1S/C14H8O2/c15-13-9-5-1-2-6-10(9)14(16)12-8-4-3-7-11(12)13/h1-8H	RZVHIXYEVGDQDX-UHFFFAOYSA-N	1,72	4,21
552-89-6	[O-][N+](=O)c1ccccc1C=O	InChI=1S/C7H5NO3/c9-5-6-3-1-2-4-7(6)8(10)11/h1-5H	CMWKITSNTDAEDT-UHFFFAOYSA-N	1,79	4,50
121-90-4	[O-][N+](=O)c1cccc(c1)C(Cl)=O	InChI=1S/C7H4ClNO3/c8-7(10)5-2-1-3-6(4-5)9(11)12/h1-4H	NXTNASSYJUXJDV-UHFFFAOYSA-N	1,78	5,25
99-61-6	[O-][N+](=O)c1cccc(C=O)c1	InChI=1S/C7H5NO3/c9-5-6-2-1-3-7(4-6)8(10)11/h1-5H	ZETIVVHRRQLWFW-UHFFFAOYSA-N	1,65	4,62
492-94-4	O=C(C(=O)c1occc1)c2occc2	InChI=1S/C10H6O4/c11-9(7-3-1-5-13-7)10(12)8-4-2-6-14-8/h1-6H	SXPUVBFQXJHYNS-UHFFFAOYSA-N	1,50	3,94
92-82-0	c1ccc2nc3ccccc3nc2c1	InChI=1S/C12H8N2/c1-2-6-10-9(5-1)13-11-7-3-4-8-12(11)14-10/h1-8H	PCNDJXKNXGMECE-UHFFFAOYSA-N	1,30	3,64
86-57-7	[O-][N+](=O)c1cccc2ccccc12	InChI=1S/C10H7NO2/c12-11(13)10-7-3-5-8-4-1-2-6-9(8)10/h1-7H	RJKGJBPXVHTNJL-UHFFFAOYSA-N	1,39	4,01
1528-74-1	[O-][N+](=O)c1ccc(cc1)c2ccc(cc2)[N+]([O-])=O	InChI=1S/C12H8N2O4/c15-13(16)11-5-1-9(2-6-11)10-3-7-12(8-4-10)14(17)18/h1-8H	BDLNCFCZHNKBGI-UHFFFAOYSA-N	2,22	4,30
92-93-3	C1=CC=C(C=C1)C2=CC=C(C=C2)[N+](=O)[O-]	InChI=1S/C12H9NO2/c14-13(15)12-8-6-11(7-9-12)10-4-2-1-3-5-10/h1-9H	BAJQRLZAPXASRD-UHFFFAOYSA-N	1,39	4,21
520-03-6	O=C1N(c2ccccc2)C(=O)c3ccccc13	InChI=1S/C14H9NO2/c16-13-11-8-4-5-9-12(11)14(17)15(13)10-6-2-1-3-7-10/h1-9H	MFUPLJQNEXUUDW-UHFFFAOYSA-N	1,26	3,93
541-59-3	C1=CC(=O)NC1=O	InChI=1S/C4H3NO2/c6-3-1-2-4(7)5-3/h1-2H,(H,5,6,7)	PEEHTFAAVSWFBL-UHFFFAOYSA-N	1,28	4,80
613-90-1	O=C(C#N)c1ccccc1	InChI=1S/C8H5NO/c9-6-8(10)7-4-2-1-3-5-7/h1-5H	GJQBHOAJJGIPRH-UHFFFAOYSA-N	1,46	4,82
2113-58-8	[O-][N+](=O)c1cccc(c1)c2ccccc2	InChI=1S/C12H9NO2/c14-13(15)12-8-4-7-11(9-12)10-5-2-1-3-6-10/h1-9H	FYRPEHRWMVMHQM-UHFFFAOYSA-N	1,25	4,16
930-88-1	CN1C(=O)C=CC1=O	InChI=1S/C5H5NO2/c1-6-4(7)2-3-5(6)8/h2-3H,1H3	SEEYREPSKCQBBF-UHFFFAOYSA-N	1,21	4,84
119-26-6	NNc1ccc([N+](=O)[O-])cc1[N+](=O)[O-]	InChI=1S/C6H6N4O4/c7-8-5-2-1-4(9(11)12)3-6(5)10(13)14/h1-3,8H,7H2	HORQAOAYAYGIBM-UHFFFAOYSA-N	1,62	3,91
329-71-5	O=[N+]([O-])c1ccc([N+](=O)[O-])c(O)c1	InChI=1S/C6H4N2O5/c9-6-3-4(7(10)11)1-2-5(6)8(12)13/h1-3,9H	UWEZBKLLMKVIPI-UHFFFAOYSA-N	2,51	3,85
485-47-2	O=C1c2ccccc2C(=O)C1(O)O	InChI=1S/C9H6O4/c10-7-5-3-1-2-4-6(5)8(11)9(7,12)13/h1-4,12-13H	FEMOMIGRRWSMCU-UHFFFAOYSA-N	1,33	4,44
70-34-8	O=[N+]([O-])c1ccc(F)c([N+](=O)[O-])c1	InChI=1S/C6H3FN2O4/c7-5-2-1-4(8(10)11)3-6(5)9(12)13/h1-3H	LOTKRQAVGJMPNV-UHFFFAOYSA-N	1,97	5,15
603-10-1	O=[N+]([O-])c1ccc([N+](=O)[O-])c([N+](=O)[O-])c1O	InChI=1S/C6H3N3O7/c10-6-4(8(13)14)2-1-3(7(11)12)5(6)9(15)16/h1-2,10H	UPOHJPYGIYINKG-UHFFFAOYSA-N	2,99	3,85
97-00-7	O=[N+]([O-])c1ccc(Cl)c([N+](=O)[O-])c1	InChI=1S/C6H3ClN2O4/c7-5-2-1-4(8(10)11)3-6(5)9(12)13/h1-3H	VYZAHLCBVHPDDF-UHFFFAOYSA-N	2,05	4,83
100-25-4	O=[N+]([O-])c1ccc([N+](=O)[O-])cc1	InChI=1S/C6H4N2O4/c9-7(10)5-1-2-6(4-3-5)8(11)12/h1-4H	FYFDQJRXFWGIBS-UHFFFAOYSA-N	2,36	4,82
130-15-4	O=C1C=CC(=O)c2ccccc21	InChI=1S/C10H6O2/c11-9-5-6-10(12)8-4-2-1-3-7(8)9/h1-6H	FRASJONUBLZVQX-UHFFFAOYSA-N	1,95	4,03
619-80-7	NC(=O)c1ccc([N+](=O)[O-])cc1	InChI=1S/C7H6N2O3/c8-7(10)5-1-3-6(4-2-5)9(11)12/h1-4H,(H2,8,10)	ZESWUEBPRPGMTP-UHFFFAOYSA-N	1,67	4,58
122-04-3	O=C(Cl)c1ccc([N+](=O)[O-])cc1	InChI=1S/C7H4ClNO3/c8-7(10)5-1-3-6(4-2-5)9(11)12/h1-4H	SKDHHIUENRGTHK-UHFFFAOYSA-N	2,25	4,82
72-48-0	O=C1c2ccccc2C(=O)c2c1ccc(O)c2O	InChI=1S/C14H8O4/c15-10-6-5-9-11(14(10)18)13(17)8-4-2-1-3-7(8)12(9)16/h1-6,15,18H	RGCKGOZRHPZPFP-UHFFFAOYSA-N	1,84	3,31
111-46-6	C(COCCO)O	InChi=1S/C4H10O3/c5-1-3-7-4-2-6/h5-6H,1-4H2	MTHSVFCYNBDYFN-UHFFFAOYSA-N	-0,97	7,11
602-60-8	O=[N+]([O-])c1c2ccccc2cc2ccccc12	InChI=1S/C14H9NO2/c16-15(17)14-12-7-3-1-5-10(12)9-11-6-2-4-8-13(11)14/h1-9H	LSIKFJXEYJIZNB-UHFFFAOYSA-N	1,54	3,38
129-00-0	c1cc2ccc3cccc4ccc(c1)c2c34	InChI=1S/C16H10/c1-3-11-7-9-13-5-2-6-14-10-8-12(4-1)15(11)16(13)14/h1-10H	BBEAQIROQSPTKN-UHFFFAOYSA-N	0,42	3,84
57835-92-4	O=[N+]([O-])c1cc2cccc3ccc4cccc1c4c32	InChI=1S/C16H9NO2/c18-17(19)14-9-12-5-1-3-10-7-8-11-4-2-6-13(14)16(11)15(10)12/h1-9H	UISKIUIWPSPSAV-UHFFFAOYSA-N	1,61	3,23
5522-43-0	O=[N+]([O-])c1ccc2ccc3cccc4ccc1c2c34	InChI=1S/C16H9NO2/c18-17(19)14-9-7-12-5-4-10-2-1-3-11-6-8-13(14)16(12)15(10)11/h1-9H	ALRLPDGCPYIVHP-UHFFFAOYSA-N	1,69	3,26
75321-20-9	O=[N+]([O-])c1cc([N+](=O)[O-])c2ccc3cccc4ccc1c2c43	InChI=1S/C16H8N2O4/c19-17(20)13-8-14(18(21)22)12-7-5-10-3-1-2-9-4-6-11(13)16(12)15(9)10/h1-8H	KTNUVDBUEAQUON-UHFFFAOYSA-N	2,22	3,19
75321-19-6	O=[N+]([O-])c1ccc2ccc3c([N+](=O)[O-])cc([N+](=O)[O-])c4ccc1c2c34	InChI=1S/C16H7N3O6/c20-17(21)12-6-2-8-1-3-10-13(18(22)23)7-14(19(24)25)11-5-4-9(12)15(8)16(10)11/h1-7H	BXOXVTWMJCUYLW-UHFFFAOYSA-N	3,03	3,08
28767-61-5	O=[N+]([O-])c1cc([N+](=O)[O-])c2ccc3c([N+](=O)[O-])cc([N+](=O)[O-])c4ccc1c2c43	InChI=1S/C16H6N4O8/c21-17(22)11-5-13(19(25)26)9-3-4-10-14(20(27)28)6-12(18(23)24)8-2-1-7(11)15(9)16(8)10/h1-6H	KSYXGBHNJOKVIK-UHFFFAOYSA-N	3,55	3,06
198-55-0	c1cc2cccc3c4cccc5cccc(c(c1)c23)c54	InChI=1S/C20H12/c1-5-13-6-2-11-17-18-12-4-8-14-7-3-10-16(20(14)18)15(9-1)19(13)17/h1-12H	CSHWQDPOILHKBI-UHFFFAOYSA-N	0,97	3,00
N/A	O=[N+]([O-])c1cc2c3c(cccc3c1[N+](=O)[O-])CC2	InChI=1S/C12H8N2O4/c15-13(16)10-6-8-5-4-7-2-1-3-9(11(7)8)12(10)14(17)18/h1-3,6H,4-5H2	QTNQINHUVYVEBP-UHFFFAOYSA-N	1,94	3,72
2066-93-5	C1=CC=C2C(=C1)C(=CC(=O)C2=O)S(=O)(=O)O	InChI=1S/C10H6O5S/c11-8-5-9(16(13,14)15)6-3-1-2-4-7(6)10(8)12/h1-5H,(H,13,14,15)	PZTGRDMCBZUJDL-UHFFFAOYSA-N	2,70	3,32
4622-04-2	C1=CC(=O)C(=C(C1=O)C#N)C#N	InChI=1S/C8H2N2O2/c9-3-5-6(4-10)8(12)2-1-7(5)11/h1-2H	DNXUGBMARDFRGG-UHFFFAOYSA-N	3,47	3,75
88437-16-5	C1=CC2=C(C=C1C#N)C(=O)C=CC2=O	InChI=1S/C11H5NO2/c12-6-7-1-2-8-9(5-7)11(14)4-3-10(8)13/h1-5H	KHUFLWSKTBKCAC-UHFFFAOYSA-N	2,49	3,99
88437-17-6	C1=CC2=C(C=C1C(=O)O)C(=O)C=CC2=O	InChI=1S/C11H6O4/c12-9-3-4-10(13)8-5-6(11(14)15)1-2-7(8)9/h1-5H,(H,14,15)	RVWULRYSVVDSEW-UHFFFAOYSA-N	2,29	3,98
58200-82-1	C1=CC2=C(C=C1[N+](=O)[O-])C(=O)C=CC2=O	InChI=1S/C10H5NO4/c12-9-3-4-10(13)8-5-6(11(14)15)1-2-7(8)9/h1-5H	XDIWXFTZTJQXDE-UHFFFAOYSA-N	2,62	3,95
483-36-3	C1=CC(=O)OC2=C1C(=O)C3=C(C2=O)OC=C3	InChI=1S/C11H4O5/c12-7-2-1-5-8(13)6-3-4-15-10(6)9(14)11(5)16-7/h1-4H	HKQPXEAYQPNPHV-UHFFFAOYSA-N	2,56	3,36
66-97-7	C1=CC(=O)OC2=CC3=C(C=CO3)C=C21	InChI=1S/C11H6O3/c12-11-2-1-7-5-8-3-4-13-9(8)6-10(7)14-11/h1-6H	ZCCUUQDIBDJBTK-UHFFFAOYSA-N	0,70	4,32
53197-58-3	C1=CC2=C(C3=C(C2=O)C=C(C=C3)[N+](=O)[O-])C(=C1)[N+](=O)[O-]	InChI=1S/C13H6N2O5/c16-13-9-2-1-3-11(15(19)20)12(9)8-5-4-7(14(17)18)6-10(8)13/h1-6H	LGDAXDNJFXVZHI-UHFFFAOYSA-N	2,46	3,87
486-25-9	C1=CC=C2C(=C1)C3=CC=CC=C3C2=O	InChI=1S/C13H8O/c14-13-11-7-3-1-5-9(11)10-6-2-4-8-12(10)13/h1-8H	YLQWCDOCJODRMT-UHFFFAOYSA-N	1,15	3,96
54738-93-1	C1=CC=C2C=C3C(=CC2=C1)C=CC=C3[N+](=O)[O-]	InChI=1S/C14H9NO2/c16-15(17)14-7-3-6-12-8-10-4-1-2-5-11(10)9-13(12)14/h1-9H	JBDYKGMNMDIHFL-UHFFFAOYSA-N	1,67	3,05
3586-69-4	C1=CC=C2C=C3C=C(C=CC3=CC2=C1)[N+](=O)[O-]	InChI=1S/C14H9NO2/c16-15(17)14-6-5-12-7-10-3-1-2-4-11(10)8-13(12)9-14/h1-9H	NZWGQBVOKHEKLD-UHFFFAOYSA-N	1,63	3,19
75-12-7	NC=O	InChI=1S/CH3NO/c2-1-3/h1H,(H2,2,3)	ZHNUHDYFZUAESO-UHFFFAOYSA-N	-1,10	7,22
288-13-1	c1cn[nH]c1	InChI=1S/C3H4N2/c1-2-4-5-3-1/h1-3H,(H,4,5)	WTKZEGDFNFYCGP-UHFFFAOYSA-N	-1,61	7,08
60-35-5	CC(N)=O	InChI=1S/C2H5NO/c1-2(3)4/h1H3,(H2,3,4)	DLFVBJFMPXGRIB-UHFFFAOYSA-N	-1,01	6,87
289-95-2	c1cncnc1	InChI=1S/C4H4N2/c1-2-5-4-6-3-1/h1-4H	CZPWVGJYEJSRLH-UHFFFAOYSA-N	-0,35	5,67
96-45-7	S=C1NCCN1	InChI=1S/C3H6N2S/c6-3-4-1-2-5-3/h1-2H2,(H2,4,5,6)	PDQAZBWRQCGBEV-UHFFFAOYSA-N	-0,92	5,43
88-12-0	C=CN1CCCC1=O	InChI=1S/C6H9NO/c1-2-7-5-3-4-6(7)8/h2H,1,3-5H2	WHNWPMSKXPGLAX-UHFFFAOYSA-N	-0,81	5,78
586-98-1	OCc1ccccn1	InChI=1S/C6H7NO/c8-5-6-3-1-2-4-7-6/h1-4,8H,5H2	SHNUBALDGXWUJI-UHFFFAOYSA-N	-0,35	6,12
16957-70-3	CC/C=C(\C)C(=O)O	InChI=1S/C6H10O2/c1-3-4-5(2)6(7)8/h4H,3H2,1-2H3,(H,7,8)/b5-4+	JJYWRQLLQAKNAD-SNAWJCMRSA-N	-0,09	5,97
103-85-5	NC(=S)Nc1ccccc1	InChI=1S/C7H8N2S/c8-7(10)9-6-4-2-1-3-5-6/h1-5H,(H3,8,9,10)	FULZLIGZKMKICU-UHFFFAOYSA-N	-0,09	4,75
110-44-1	C/C=C/C=C/C(=O)O	InChI=1S/C6H8O2/c1-2-3-4-5-6(7)8/h2-5H,1H3,(H,7,8)/b3-2+,5-4+	WSWCOQWTEOXDQX-MQQKCMAXSA-N	0,53	4,79
496-16-2	Nn1ccnn1	InChI=1S/C2H4N4/c3-6-2-1-4-5-6/h1-2H,3H2	MPSUGQWRVNRJEE-UHFFFAOYSA-N	0,49	6,84
98-97-5	c1ccc2c(c1)CCO2	InChI=1S/C8H8O/c1-2-4-8-7(3-1)5-6-9-8/h1-4H,5-6H2	HBEDSQVIWPRPAY-UHFFFAOYSA-N	-1,02	5,52
110-17-8	O=C(O)c1cnccn1	InChI=1S/C5H4N2O2/c8-5(9)4-3-6-1-2-7-4/h1-3H,(H,8,9)	NIPZZXUFJPQHNH-UHFFFAOYSA-N	0,88	4,92
83-33-0	O=C(O)/C=C/C(=O)O	InChI=1S/C4H4O4/c5-3(6)1-2-4(7)8/h1-2H,(H,5,6)(H,7,8)/b2-1+	VZCYOOQTPOCHFL-OWOJBTEDSA-N	1,35	5,33
5350-93-6	O=C1CCc2ccccc21	InChI=1S/C9H8O/c10-9-6-5-7-3-1-2-4-8(7)9/h1-4H,5-6H2	QNXSIUBBGPHDDE-UHFFFAOYSA-N	0,24	5,06
697-82-5	Nc1ccc(Cl)nc1	InChI=1S/C5H5ClN2/c6-5-2-1-4(7)3-8-5/h1-3H,7H2	QAJYCQZQLVENRZ-UHFFFAOYSA-N	-0,39	4,97
122-97-4	Cc1cc(C)c(C)c(O)c1	InChI=1S/C9H12O/c1-6-4-7(2)8(3)9(10)5-6/h4-5,10H,1-3H3	OGRAOKJKVGDSFR-UHFFFAOYSA-N	-0,90	5,80
-	OCCCc1ccccc1	InChI=1S/C9H12O/c10-8-4-7-9-5-2-1-3-6-9/h1-3,5-6,10H,4,7-8H2	VAJVDSVGBWFCLW-UHFFFAOYSA-N	-0,86	6,35
617-52-7	C=C(CC(=O)OC)C(=O)OC	InChI=1S/C7H10O4/c1-5(7(9)11-3)4-6(8)10-2/h1,4H2,2-3H3	ZWWQRMFIZFPUAA-UHFFFAOYSA-N	0,19	6,16
94-67-7	ON=Cc1ccccc1O	InChI=1S/C7H7NO2/c9-7-4-2-1-3-6(7)5-8-10/h1-5,9-10H	ORIHZIZPTZTNCU-UHFFFAOYSA-N	0,05	4,89
1550-35-2	O=Cc1ccc(F)cc1F	InChI=1S/C7H4F2O/c8-6-2-1-5(4-10)7(9)3-6/h1-4H	WCGPCBACLBHDCI-UHFFFAOYSA-N	0,68	5,15
321-38-0	Fc1cccc2ccccc12	InChI=1S/C10H7F/c11-10-7-3-5-8-4-1-2-6-9(8)10/h1-7H	CWLKTJOTWITYSI-UHFFFAOYSA-N	-0,09	4,71
119-84-6	O=C1CCc2ccccc2O1	InChI=1S/C9H8O2/c10-9-6-5-7-3-1-2-4-8(7)11-9/h1-4H,5-6H2	VMUXSMXIQBNMGZ-UHFFFAOYSA-N	-0,51	5,94
121-33-5	COc1cc(C=O)ccc1O	InChI=1S/C8H8O3/c1-11-8-4-6(5-9)2-3-7(8)10/h2-5,10H,1H3	MWOOGOJBHIARFG-UHFFFAOYSA-N	0,20	4,66
97-54-1	C/C=C/c1ccc(O)c(OC)c1	InChI=1S/C10H12O2/c1-3-4-8-5-6-9(11)10(7-8)12-2/h3-7,11H,1-2H3/b4-3+	BJIOGJUNALELMI-ONEGZZNKSA-N	-0,55	4,60
621-23-8	COc1cc(OC)cc(OC)c1	InChI=1S/C9H12O3/c1-10-7-4-8(11-2)6-9(5-7)12-3/h4-6H,1-3H3	LKUDPHPHKOZXCD-UHFFFAOYSA-N	-1,01	5,81
144-62-7	O=C(O)C(=O)O	InChI=1S/C2H2O4/c3-1(4)2(5)6/h(H,3,4)(H,5,6)	MUBZPKHOEPUJKR-UHFFFAOYSA-N	0,70	5,68
6638-05-7	COc1cc(C)cc(OC)c1O	InChI=1S/C9H12O3/c1-6-4-7(11-2)9(10)8(5-6)12-3/h4-5,10H,1-3H3	ZFBNNSOJNZBLLS-UHFFFAOYSA-N	-1,02	5,56
62-55-5	[H]/N=C(\C)S	InChI=1S/C2H5NS/c1-2(3)4/h1H3,(H2,3,4)	YUKQRDCYNOVPGJ-UHFFFAOYSA-N	-0,77	6,37
104-20-1	COc1ccc(CCC(C)=O)cc1	InChI=1S/C11H14O2/c1-9(12)3-4-10-5-7-11(13-2)8-6-10/h5-8H,3-4H2,1-2H3	PCBSXBYCASFXTM-UHFFFAOYSA-N	-0,57	5,39
124-19-6	CCCCCCCCC=O	InChI=1S/C9H18O/c1-2-3-4-5-6-7-8-9-10/h9H,2-8H2,1H3	GYHFUZHODSMOHU-UHFFFAOYSA-N	-0,62	6,13
2550-26-7	CC(=O)CCc1ccccc1	InChI=1S/C10H12O/c1-9(11)7-8-10-5-3-2-4-6-10/h2-6H,7-8H2,1H3	AKGGYBADQZYZPD-UHFFFAOYSA-N	-0,49	5,98
3770-50-1	CCOC(=O)c1cc2ccccc2[nH]1	InChI=1S/C11H11NO2/c1-2-14-11(13)10-7-8-5-3-4-6-9(8)12-10/h3-7,12H,2H2,1H3	QQXQAEWRSVZPJM-UHFFFAOYSA-N	0,25	4,51
2373-80-0	O=C(O)C=Cc1ccc2c(c1)OCO2	InChI=1S/C10H8O4/c11-10(12)4-2-7-1-3-8-9(5-7)14-6-13-8/h1-5H,6H2,(H,11,12)	QFQYZMGOKIROEC-UHFFFAOYSA-N	0,76	4,05
488-93-7	O=C(O)c1ccoc1	InChI=1S/C5H4O3/c6-5(7)4-1-2-8-3-4/h1-3H,(H,6,7)	IHCCAYCGZOLTEU-UHFFFAOYSA-N	-0,28	5,68
103-49-1	c1ccc(CNCc2ccccc2)cc1	InChI=1S/C14H15N/c1-3-7-13(8-4-1)11-15-12-14-9-5-2-6-10-14/h1-10,15H,11-12H2	BWLUMTFWVZZZND-UHFFFAOYSA-N	-0,60	5,73
872-50-4	CN1CCCC1=O	InChI=1S/C5H9NO/c1-6-4-2-3-5(6)7/h2-4H2,1H3	SECXISVLQFMRJM-UHFFFAOYSA-N	-1,00	6,64
10310-21-1	Nc1nc(Cl)c2ncnc-2[nH]1	InChI=1S/C5H4ClN5/c6-3-2-4(9-1-8-2)11-5(7)10-3/h1H,(H3,7,8,9,10,11)	RYYIULNRIVUMTQ-UHFFFAOYSA-N	0,65	4,49
96-76-4	CC(C)(C)c1ccc(O)c(C(C)(C)C)c1	InChI=1S/C14H22O/c1-13(2,3)10-7-8-12(15)11(9-10)14(4,5)6/h7-9,15H,1-6H3	ICKWICRCANNIBI-UHFFFAOYSA-N	-0,85	5,70
484-11-7	Cc1ccc2ccc3ccc(C)nc3c2n1	InChI=1S/C14H12N2/c1-9-3-5-11-7-8-12-6-4-10(2)16-14(12)13(11)15-9/h3-8H,1-2H3	IYRGXJIJGHOCFS-UHFFFAOYSA-N	0,23	4,70
102-06-7	N=C(Nc1ccccc1)Nc1ccccc1	InChI=1S/C13H13N3/c14-13(15-11-7-3-1-4-8-11)16-12-9-5-2-6-10-12/h1-10H,(H3,14,15,16)	OWRCNXZUPFZXOS-UHFFFAOYSA-N	-0,40	5,18
3569-99-1	O=C(NCO)c1cccnc1	InChI=1S/C7H8N2O2/c10-5-9-7(11)6-2-1-3-8-4-6/h1-4,10H,5H2,(H,9,11)	JRFKIOFLCXKVOT-UHFFFAOYSA-N	0,49	5,55
830-96-6	O=C(O)CCc1c[nH]c2ccccc12	InChI=1S/C11H11NO2/c13-11(14)6-5-8-7-12-10-4-2-1-3-9(8)10/h1-4,7,12H,5-6H2,(H,13,14)	GOLXRNDWAUTYKT-UHFFFAOYSA-N	-0,66	5,10
563-96-2	O=C(O)C(O)O	InChI=1S/C2H4O4/c3-1(4)2(5)6/h1,3-4H,(H,5,6)	GOCCREQJUBABAL-UHFFFAOYSA-N	-0,61	7,29
1138-80-3	O=C(O)CNC(=O)OCc1ccccc1	InChI=1S/C10H11NO4/c12-9(13)6-11-10(14)15-7-8-4-2-1-3-5-8/h1-5H,6-7H2,(H,11,14)(H,12,13)	CJUMAFVKTCBCJK-UHFFFAOYSA-N	0,79	6,40
5162-03-8	O=C(c1ccccc1)c1ccccc1Cl	InChI=1S/C13H9ClO/c14-12-9-5-4-8-11(12)13(15)10-6-2-1-3-7-10/h1-9H	VMHYWKBKHMYRNF-UHFFFAOYSA-N	0,76	5,00
50-85-1	Cc1ccc(C(=O)O)c(O)c1	InChI=1S/C8H8O3/c1-5-2-3-6(8(10)11)7(9)4-5/h2-4,9H,1H3,(H,10,11)	NJESAXZANHETJV-UHFFFAOYSA-N	0,03	5,15
525-79-1	c1coc(CNc2ncnc3[nH]cnc23)c1	InChI=1S/C10H9N5O/c1-2-7(16-3-1)4-11-9-8-10(13-5-12-8)15-6-14-9/h1-3,5-6H,4H2,(H2,11,12,13,14,15)	QANMHLXAZMSUEX-UHFFFAOYSA-N	-0,38	5,20
120-14-9	COc1ccc(C=O)cc1OC	InChI=1S/C9H10O3/c1-11-8-4-3-7(6-10)5-9(8)12-2/h3-6H,1-2H3	WJUFSDZVCOTFON-UHFFFAOYSA-N	0,17	4,46
39515-51-0	O=Cc1cccc(Oc2ccccc2)c1	InChI=1S/C13H10O2/c14-10-11-5-4-8-13(9-11)15-12-6-2-1-3-7-12/h1-10H	MRLGCTNJRREZHZ-UHFFFAOYSA-N	0,56	4,65
556-50-3	NCC(=O)NCC(=O)O	InChI=1S/C4H8N2O3/c5-1-3(7)6-2-4(8)9/h1-2,5H2,(H,6,7)(H,8,9)	YMAWOPBAYDPSLA-UHFFFAOYSA-N	-0,60	6,56
1135-40-6	O=S(=O)(O)CCCNC1CCCCC1	InChI=1S/C9H19NO3S/c11-14(12,13)8-4-7-10-9-5-2-1-3-6-9/h9-10H,1-8H2,(H,11,12,13)	PJWWRFATQTVXHA-UHFFFAOYSA-N	0,02	5,88
60-27-5	CN1CC(=O)N=C1N	InChI=1S/C4H7N3O/c1-7-2-3(8)6-4(7)5/h2H2,1H3,(H2,5,6,8)	DDRJAANPRJIHGJ-UHFFFAOYSA-N	-0,45	5,92
90-15-3	Oc1cccc2ccccc12	InChI=1S/C10H8O/c11-10-7-3-5-8-4-1-2-6-9(8)10/h1-7,11H	KJCVRFUGPWSIIH-UHFFFAOYSA-N	-0,34	4,58
52727-57-8	COC(=O)c1cc(Br)ccc1N	InChI=1S/C8H8BrNO2/c1-12-8(11)6-4-5(9)2-3-7(6)10/h2-4H,10H2,1H3	QVNYNHCNNGKULA-UHFFFAOYSA-N	0,26	4,31
94-13-3	CCCOC(=O)c1ccc(O)cc1	InChI=1S/C10H12O3/c1-2-7-13-10(12)8-3-5-9(11)6-4-8/h3-6,11H,2,7H2,1H3	QELSKZZBTMNZEB-UHFFFAOYSA-N	-0,11	5,38
99-14-9	O=C(O)CC(CC(=O)O)C(=O)O	InChI=1S/C6H8O6/c7-4(8)1-3(6(11)12)2-5(9)10/h3H,1-2H2,(H,7,8)(H,9,10)(H,11,12)	KQTIIICEAUMSDG-UHFFFAOYSA-N	-0,19	7,30
99-10-5	O=C(O)c1cc(O)cc(O)c1	InChI=1S/C7H6O4/c8-5-1-4(7(10)11)2-6(9)3-5/h1-3,8-9H,(H,10,11)	UYEMGAFJOZZIFP-UHFFFAOYSA-N	0,30	4,77
104-55-2	O=C/C=C/c1ccccc1	InChI=1S/C9H8O/c10-8-4-7-9-5-2-1-3-6-9/h1-8H/b7-4+	KJPRLNWUNMBNBZ-QPJJXVBHSA-N	1,02	4,27
77-40-7	CCC(C)(c1ccc(O)cc1)c1ccc(O)cc1	InChI=1S/C16H18O2/c1-3-16(2,12-4-8-14(17)9-5-12)13-6-10-15(18)11-7-13/h4-11,17-18H,3H2,1-2H3	HTVITOHKHWFJKO-UHFFFAOYSA-N	-0,66	5,39
586-38-9	COc1cccc(C(=O)O)c1	InChI=1S/C8H8O3/c1-11-7-4-2-3-6(5-7)8(9)10/h2-5H,1H3,(H,9,10)	XHQZJYCNDZAGLW-UHFFFAOYSA-N	0,21	4,85
100-09-4	COc1ccc(C(=O)O)cc1	InChI=1S/C8H8O3/c1-11-7-4-2-6(3-5-7)8(9)10/h2-5H,1H3,(H,9,10)	ZEYHEAKUIGZSGI-UHFFFAOYSA-N	-0,07	5,23
303-07-1	O=C(O)c1c(O)cccc1O	InChI=1S/C7H6O4/c8-4-2-1-3-5(9)6(4)7(10)11/h1-3,8-9H,(H,10,11)	AKEUNCKRJATALU-UHFFFAOYSA-N	0,11	4,78
501-30-4	O=c1cc(CO)occ1O	InChI=1S/C6H6O4/c7-2-4-1-5(8)6(9)3-10-4/h1,3,7,9H,2H2	BEJNERDRQOWKJM-UHFFFAOYSA-N	0,07	5,13
30652-11-0	Cc1c(O)c(=O)ccn1C	InChI=1S/C7H9NO2/c1-5-7(10)6(9)3-4-8(5)2/h3-4,10H,1-2H3	TZXKOCQBRNJULO-UHFFFAOYSA-N	-0,33	4,95
123-08-0	O=Cc1ccc(O)cc1	InChI=1S/C7H6O2/c8-5-6-1-3-7(9)4-2-6/h1-5,9H	RGHHSNMVTDWUBI-UHFFFAOYSA-N	0,20	5,01
93-99-2	O=C(Oc1ccccc1)c1ccccc1	InChI=1S/C13H10O2/c14-13(11-7-3-1-4-8-11)15-12-9-5-2-6-10-12/h1-10H	FCJSHPDYVMKCHI-UHFFFAOYSA-N	0,45	5,34
133-32-4	O=C(O)CCCc1c[nH]c2ccccc12	InChI=1S/C12H13NO2/c14-12(15)7-3-4-9-8-13-11-6-2-1-5-10(9)11/h1-2,5-6,8,13H,3-4,7H2,(H,14,15)	JTEDVYBZBROSJT-UHFFFAOYSA-N	-0,67	5,06
120-94-5	CN1CCCC1	InChI=1S/C5H11N/c1-6-4-2-3-5-6/h2-5H2,1H3	AVFZOVWCLRSYKC-UHFFFAOYSA-N	-1,31	6,11
1120-99-6	Nc1nccnn1	InChI=1S/C3H4N4/c4-3-5-1-2-6-7-3/h1-2H,(H2,4,5,7)	MJIWQHRXSLOUJN-UHFFFAOYSA-N	0,32	4,48
95-25-0	O=c1[nH]c2cc(Cl)ccc2o1	InChI=1S/C7H4ClNO2/c8-4-1-2-6-5(3-4)9-7(10)11-6/h1-3H,(H,9,10)	TZFWDZFKRBELIQ-UHFFFAOYSA-N	-0,32	5,43
315-30-0	O=c1[nH]cnc2[nH]ncc12	InChI=1S/C5H4N4O/c10-5-3-1-8-9-4(3)6-2-7-5/h1-2H,(H2,6,7,8,9,10)	OFCNXPDARWKPPY-UHFFFAOYSA-N	-0,02	5,42
94-41-7	O=C(/C=C/c1ccccc1)c1ccccc1	InChI=1S/C15H12O/c16-15(14-9-5-2-6-10-14)12-11-13-7-3-1-4-8-13/h1-12H/b12-11+	DQFBYFPFKXHELB-VAWYXSNFSA-N	1,17	4,15
130-16-5	Oc1ccc(Cl)c2cccnc12	InChI=1S/C9H6ClNO/c10-7-3-4-8(12)9-6(7)2-1-5-11-9/h1-5,12H	CTQMJYWDVABFRZ-UHFFFAOYSA-N	0,55	4,06
89-25-8	CC1=NN(c2ccccc2)C(=O)C1	InChI=1S/C10H10N2O/c1-8-7-10(13)12(11-8)9-5-3-2-4-6-9/h2-6H,7H2,1H3	QELUYTUMUWHWMC-UHFFFAOYSA-N	-0,16	4,85
122-03-2	CC(C)c1ccc(C=O)cc1	InChI=1S/C10H12O/c1-8(2)10-5-3-9(7-11)4-6-10/h3-8H,1-2H3	WTWBUQJHJGUZCY-UHFFFAOYSA-N	0,37	5,20
65-45-2	NC(=O)c1ccccc1O	InChI=1S/C7H7NO2/c8-7(10)5-3-1-2-4-6(5)9/h1-4,9H,(H2,8,10)	SKZKKFZAGNVIMN-UHFFFAOYSA-N	0,15	4,85
575-61-1	O=C1OC(=Cc2ccccc2)c2ccccc21	InChI=1S/C15H10O2/c16-15-13-9-5-4-8-12(13)14(17-15)10-11-6-2-1-3-7-11/h1-10H	YRTPZXMEBGTPLM-UHFFFAOYSA-N	1,08	3,79
101-92-8	CC(=O)CC(=O)Nc1ccc(Cl)cc1	InChI=1S/C10H10ClNO2/c1-7(13)6-10(14)12-9-4-2-8(11)3-5-9/h2-5H,6H2,1H3,(H,12,14)	JMRJWEJJUKUBEA-UHFFFAOYSA-N	0,30	4,72
55750-53-3	O=C(O)CCCCCN1C(=O)C=CC1=O	InChI=1S/C10H13NO4/c12-8-5-6-9(13)11(8)7-3-1-2-4-10(14)15/h5-6H,1-4,7H2,(H,14,15)	WOJKKJKETHYEAC-UHFFFAOYSA-N	1,44	4,73
69-72-7	O=C(O)c1ccccc1O	InChI=1S/C7H6O3/c8-6-4-2-1-3-5(6)7(9)10/h1-4,8H,(H,9,10)	YGSDEFSMJLZEOE-UHFFFAOYSA-N	0,31	4,77
595-46-0	CC(C)(C(=O)O)C(=O)O	InChI=1S/C5H8O4/c1-5(2,3(6)7)4(8)9/h1-2H3,(H,6,7)(H,8,9)	OREAFAJWWJHCOT-UHFFFAOYSA-N	-0,34	7,42
536-66-3	CC(C)c1ccc(C(=O)O)cc1	InChI=1S/C10H12O2/c1-7(2)8-3-5-9(6-4-8)10(11)12/h3-7H,1-2H3,(H,11,12)	CKMXAIVXVKGGFM-UHFFFAOYSA-N	0,14	5,56
94-44-0	O=C(OCc1ccccc1)c1cccnc1	InChI=1S/C13H11NO2/c15-13(12-7-4-8-14-9-12)16-10-11-5-2-1-3-6-11/h1-9H,10H2	KVYGGMBOZFWZBQ-UHFFFAOYSA-N	0,47	5,29
131-57-7	COc1ccc(C(=O)c2ccccc2)c(O)c1	InChI=1S/C14H12O3/c1-17-11-7-8-12(13(15)9-11)14(16)10-5-3-2-4-6-10/h2-9,15H,1H3	DXGLGDHPHMLXJC-UHFFFAOYSA-N	0,38	4,57
331-39-5	O=C(O)C=Cc1ccc(O)c(O)c1	InChI=1S/C9H8O4/c10-7-3-1-6(5-8(7)11)2-4-9(12)13/h1-5,10-11H,(H,12,13)	QAIPRVGONGVQAS-UHFFFAOYSA-N	0,71	4,21
1596-84-5	CN(C)NC(=O)CCC(=O)O	InChI=1S/C6H12N2O3/c1-8(2)7-5(9)3-4-6(10)11/h3-4H2,1-2H3,(H,7,9)(H,10,11)	NOQGZXFMHARMLW-UHFFFAOYSA-N	-0,36	6,12
94-25-7	CCCCOC(=O)c1ccc(N)cc1	InChI=1S/C11H15NO2/c1-2-3-8-14-11(13)9-4-6-10(12)7-5-9/h4-7H,2-3,8,12H2,1H3	IUWVALYLNVXWKX-UHFFFAOYSA-N	-0,25	4,99
94-26-8	CCCCOC(=O)c1ccc(O)cc1	InChI=1S/C11H14O3/c1-2-3-8-14-11(13)9-4-6-10(12)7-5-9/h4-7,12H,2-3,8H2,1H3	QFOHBWFCKVYLES-UHFFFAOYSA-N	-0,13	5,38
29915-38-6	O=S(=O)(O)CCCNC(CO)(CO)CO	InChI=1S/C7H17NO6S/c9-4-7(5-10,6-11)8-2-1-3-15(12,13)14/h8-11H,1-6H2,(H,12,13,14)	YNLCVAQJIKOXER-UHFFFAOYSA-N	0,22	5,96
599-64-4	CC(C)(c1ccccc1)c1ccc(O)cc1	InChI=1S/C15H16O/c1-15(2,12-6-4-3-5-7-12)13-8-10-14(16)11-9-13/h3-11,16H,1-2H3	QBDSZLJBMIMQRS-UHFFFAOYSA-N	-0,74	5,57
443-48-1	Cc1ncc([N+](=O)[O-])n1CCO	InChI=1S/C6H9N3O3/c1-5-7-4-6(9(11)12)8(5)2-3-10/h4,10H,2-3H2,1H3	VAOCPAMSLUNLGC-UHFFFAOYSA-N	1,07	4,57
50-65-7	O=C(Nc1ccc([N+](=O)[O-])cc1Cl)c1cc(Cl)ccc1O	InChI=1S/C13H8Cl2N2O4/c14-7-1-4-12(18)9(5-7)13(19)16-11-3-2-8(17(20)21)6-10(11)15/h1-6,18H,(H,16,19)	RJMUSRYZPJIFPJ-UHFFFAOYSA-N	1,77	3,84
50-78-2	CC(=O)Oc1ccccc1C(=O)O	InChI=1S/C9H8O4/c1-6(10)13-8-5-3-2-4-7(8)9(11)12/h2-5H,1H3,(H,11,12)	BSYNRYMUTXBXSQ-UHFFFAOYSA-N	0,41	5,50
505-23-7	C1CSCSC1	InChI=1S/C4H8S2/c1-2-5-4-6-3-1/h1-4H2	WQADWIOXOXRPLN-UHFFFAOYSA-N	-0,23	5,71
2127-03-9	c1ccc(SSc2ccccn2)nc1	InChI=1S/C10H8N2S2/c1-3-7-11-9(5-1)13-14-10-6-2-4-8-12-10/h1-8H	HAXFWIACAGNFHA-UHFFFAOYSA-N	1,20	4,98
93-08-3	CC(=O)c1ccc2ccccc2c1	InChI=1S/C12H10O/c1-9(13)11-7-6-10-4-2-3-5-12(10)8-11/h2-8H,1H3	XSAYZAUNJMRRIR-UHFFFAOYSA-N	0,68	4,38
67-47-0	O=Cc1ccc(CO)o1	InChI=1S/C6H6O3/c7-3-5-1-2-6(4-8)9-5/h1-3,8H,4H2	NOEGNKMFWQHSLB-UHFFFAOYSA-N	0,47	4,86
4247-02-3	CC(C)COC(=O)c1ccc(O)cc1	InChI=1S/C11H14O3/c1-8(2)7-14-11(13)9-3-5-10(12)6-4-9/h3-6,8,12H,7H2,1-2H3	XPJVKCRENWUEJH-UHFFFAOYSA-N	-0,14	5,39
122-79-2	CC(=O)Oc1ccccc1	InChI=1S/C8H8O2/c1-7(9)10-8-5-3-2-4-6-8/h2-6H,1H3	IPBVNPXQWQGGJP-UHFFFAOYSA-N	-0,59	6,43
107-97-1	CNCC(=O)O	InChI=1S/C3H7NO2/c1-4-2-3(5)6/h4H,2H2,1H3,(H,5,6)	FSYKKLYZXJSNPZ-UHFFFAOYSA-N	-0,85	6,26
35212-22-7	CC(C)Oc1ccc2c(=O)c(-c3ccccc3)coc2c1	InChI=1S/C18H16O3/c1-12(2)21-14-8-9-15-17(10-14)20-11-16(18(15)19)13-6-4-3-5-7-13/h3-12H,1-2H3	SFBODOKJTYAUCM-UHFFFAOYSA-N	0,40	4,64
115-20-8	OCC(Cl)(Cl)Cl	InChI=1S/C2H3Cl3O/c3-2(4,5)1-6/h6H,1H2	KPWDGTGXUYRARH-UHFFFAOYSA-N	1,17	7,11
518-45-6	O=C(O)c1ccccc1-c1c2ccc(=O)cc-2oc2cc(O)ccc12	InChI=1S/C20H12O5/c21-11-5-7-15-17(9-11)25-18-10-12(22)6-8-16(18)19(15)13-3-1-2-4-14(13)20(23)24/h1-10,21H,(H,23,24)	YKGGGCXBWXHKIZ-UHFFFAOYSA-N	1,64	3,23
144-83-2	Nc1ccc(S(=O)(=O)Nc2ccccn2)cc1	InChI=1S/C11H11N3O2S/c12-9-4-6-10(7-5-9)17(15,16)14-11-3-1-2-8-13-11/h1-8H,12H2,(H,13,14)	GECHUMIMRBOMGK-UHFFFAOYSA-N	0,41	5,15
503-74-2	CC(C)CC(=O)O	InChI=1S/C5H10O2/c1-4(2)3-5(6)7/h4H,3H2,1-2H3,(H,6,7)	GWYFCOCPABKNJV-UHFFFAOYSA-N	-0,91	7,35
67-20-9	O=C1CN(/N=C/c2ccc([N+](=O)[O-])o2)C(=O)N1	InChI=1S/C8H6N4O5/c13-6-4-11(8(14)10-6)9-3-5-1-2-7(17-5)12(15)16/h1-3H,4H2,(H,10,13,14)/b9-3+	NXFQHRVNIOXGAQ-YCRREMRBSA-N	1,90	3,72
637-07-0	CCOC(=O)C(C)(C)Oc1ccc(Cl)cc1	InChI=1S/C12H15ClO3/c1-4-15-11(14)12(2,3)16-10-7-5-9(13)6-8-10/h5-8H,4H2,1-3H3	KNHUKKLJHYUCFP-UHFFFAOYSA-N	-0,58	5,84
80-08-0	Nc1ccc(S(=O)(=O)c2ccc(N)cc2)cc1	InChI=1S/C12H12N2O2S/c13-9-1-5-11(6-2-9)17(15,16)12-7-3-10(14)4-8-12/h1-8H,13-14H2	MQJKPEGWNLWLTK-UHFFFAOYSA-N	-0,04	4,84
12769-17-4	CCCCNc1ccc(NCCCC)c2c1C(=O)c1ccccc1C2=O	InChI=1S/C22H26N2O2/c1-3-5-13-23-17-11-12-18(24-14-6-4-2)20-19(17)21(25)15-9-7-8-10-16(15)22(20)26/h7-12,23-24H,3-6,13-14H2,1-2H3	OCQDPIXQTSYZJL-UHFFFAOYSA-N	1,47	2,40
117-39-5	O=c1c(O)c(-c2ccc(O)c(O)c2)oc2cc(O)cc(O)c12	InChI=1S/C15H10O7/c16-7-4-10(19)12-11(5-7)22-15(14(21)13(12)20)6-1-2-8(17)9(18)3-6/h1-5,16-19,21H	REFJWTPEDVJJIY-UHFFFAOYSA-N	0,58	4,19
91-53-2	CCOc1ccc2c(c1)C(C)=CC(C)(C)N2	InChI=1S/C14H19NO/c1-5-16-11-6-7-13-12(8-11)10(2)9-14(3,4)15-13/h6-9,15H,5H2,1-4H3	DECIPOUIJURFOJ-UHFFFAOYSA-N	-0,44	4,10
57-66-9	CCCN(CCC)S(=O)(=O)c1ccc(C(=O)O)cc1	InChI=1S/C13H19NO4S/c1-3-9-14(10-4-2)19(17,18)12-7-5-11(6-8-12)13(15)16/h5-8H,3-4,9-10H2,1-2H3,(H,15,16)	DBABZHXKTCFAPX-UHFFFAOYSA-N	1,01	4,73
15307-86-5	O=C(O)Cc1ccccc1Nc1c(Cl)cccc1Cl	InChI=1S/C14H11Cl2NO2/c15-10-5-3-6-11(16)14(10)17-12-7-2-1-4-9(12)8-13(18)19/h1-7,17H,8H2,(H,18,19)	DCOPUUMXTXDBNB-UHFFFAOYSA-N	0,60	5,07
89796-99-6	O=C(O)COC(=O)Cc1ccccc1Nc1c(Cl)cccc1Cl	InChI=1S/C16H13Cl2NO4/c17-11-5-3-6-12(18)16(11)19-13-7-2-1-4-10(13)8-15(22)23-9-14(20)21/h1-7,19H,8-9H2,(H,20,21)	MNIPYSSQXLZQLJ-UHFFFAOYSA-N	0,83	4,93
13311-84-7	CC(C)C(=O)Nc1ccc([N+](=O)[O-])c(C(F)(F)F)c1	InChI=1S/C11H11F3N2O3/c1-6(2)10(17)15-7-3-4-9(16(18)19)8(5-7)11(12,13)14/h3-6H,1-2H3,(H,15,17)	MKXKFYHWDHIYRV-UHFFFAOYSA-N	1,51	4,50
83-73-8	Oc1c(I)cc(I)c2cccnc12	InChI=1S/C9H5I2NO/c10-6-4-7(11)9(13)8-5(6)2-1-3-12-8/h1-4,13H	UXZFQZANDVDGMM-UHFFFAOYSA-N	0,87	3,94
130-26-7	Oc1c(I)cc(Cl)c2cccnc12	InChI=1S/C9H5ClINO/c10-6-4-7(11)9(13)8-5(6)2-1-3-12-8/h1-4,13H	QCDFBFJGMNKBDO-UHFFFAOYSA-N	0,82	3,97
83164-33-4	O=C(Nc1ccc(F)cc1F)c1cccnc1Oc1cccc(C(F)(F)F)c1	InChI=1S/C19H11F5N2O2/c20-12-6-7-16(15(21)10-12)26-17(27)14-5-2-8-25-18(14)28-13-4-1-3-11(9-13)19(22,23)24/h1-10H,(H,26,27)	WYEHFWKAOXOVJD-UHFFFAOYSA-N	0,81	4,87
14882-18-9	O=C1O[Bi](O)Oc2ccccc21	InChI=1S/C7H6O3.Bi.H2O/c8-6-4-2-1-3-5(6)7(9)10;;/h1-4,8H,(H,9,10);;1H2/q;+3;/p-3	ZREIPSZUJIFJNP-UHFFFAOYSA-K	1,84	4,20
61-68-7	Cc1cccc(Nc2ccccc2C(=O)O)c1C	InChI=1S/C15H15NO2/c1-10-6-5-9-13(11(10)2)16-14-8-4-3-7-12(14)15(17)18/h3-9,16H,1-2H3,(H,17,18)	HYYBABOKPJLUIN-UHFFFAOYSA-N	0,69	4,20
53179-13-8	Cc1ccc(=O)n(-c2ccccc2)c1	InChI=1S/C12H11NO/c1-10-7-8-12(14)13(9-10)11-5-3-2-4-6-11/h2-9H,1H3	ISWRGOKTTBVCFA-UHFFFAOYSA-N	0,20	4,45
118-90-1	Cc1ccccc1C(=O)O	InChI=1S/C8H8O2/c1-6-4-2-3-5-7(6)8(9)10/h2-5H,1H3,(H,9,10)	ZWLPBLYKEWSWPD-UHFFFAOYSA-N	0,15	5,45
123-11-5	COc1ccc(C=O)cc1	InChI=1S/C8H8O2/c1-10-8-4-2-7(6-9)3-5-8/h2-6H,1H3	ZRSNZINYAWTAHE-UHFFFAOYSA-N	0,16	4,95
118-93-4	CC(=O)c1ccccc1O	InChI=1S/C8H8O2/c1-6(9)7-4-2-3-5-8(7)10/h2-5,10H,1H3	JECYUBVRTQDVAT-UHFFFAOYSA-N	0,52	4,47
1820-81-1	O=c1[nH]cc(Cl)c(=O)[nH]1	InChI=1S/C4H3ClN2O2/c5-2-1-6-4(9)7-3(2)8/h1H,(H2,6,7,8,9)	ZFTBZKVVGZNMJR-UHFFFAOYSA-N	0,42	5,16
10605-21-7	COC(=O)Nc1nc2ccccc2[nH]1	InChI=1S/C9H9N3O2/c1-14-9(13)12-8-10-6-4-2-3-5-7(6)11-8/h2-5H,1H3,(H2,10,11,12,13)	TWFZGCMQGLPBSX-UHFFFAOYSA-N	-0,13	5,36
40487-42-1	CCC(CC)Nc1c([N+](=O)[O-])cc(C)c(C)c1[N+](=O)[O-]	InChI=1S/C13H19N3O4/c1-5-10(6-2)14-12-11(15(17)18)7-8(3)9(4)13(12)16(19)20/h7,10,14H,5-6H2,1-4H3	CHIFOSRWCNZCFN-UHFFFAOYSA-N	1,59	3,52
93-15-2	C=CCc1ccc(OC)c(OC)c1	InChI=1S/C11H14O2/c1-4-5-9-6-7-10(12-2)11(8-9)13-3/h4,6-8H,1,5H2,2-3H3	ZYEMGPIYFIJGTP-UHFFFAOYSA-N	-0,88	5,36
131-11-3	COC(=O)c1ccccc1C(=O)OC	InChI=1S/C10H10O4/c1-13-9(11)7-5-3-4-6-8(7)10(12)14-2/h3-6H,1-2H3	NIQCNGHVCWTJSM-UHFFFAOYSA-N	0,98	5,36
484-12-8	COc1ccc2ccc(=O)oc2c1CC=C(C)C	InChI=1S/C15H16O3/c1-10(2)4-7-12-13(17-3)8-5-11-6-9-14(16)18-15(11)12/h4-6,8-9H,7H2,1-3H3	MBRLOUHOWLUMFF-UHFFFAOYSA-N	0,54	4,31
84057-84-1	Nc1nnc(-c2cccc(Cl)c2Cl)c(N)n1	InChI=1S/C9H7Cl2N5/c10-5-3-1-2-4(6(5)11)7-8(12)14-9(13)16-15-7/h1-3H,(H4,12,13,14,16)	PYZRQGJRPPTADH-UHFFFAOYSA-N	0,45	4,81
2657-25-2	O=C(C=Cc1ccccc1)c1ccc(O)cc1	InChI=1S/C15H12O2/c16-14-9-7-13(8-10-14)15(17)11-6-12-4-2-1-3-5-12/h1-11,16H	UAHGNXFYLAJDIN-UHFFFAOYSA-N	1,08	4,17
484-20-8	COc1c2ccoc2cc2oc(=O)ccc12	InChI=1S/C12H8O4/c1-14-12-7-2-3-11(13)16-10(7)6-9-8(12)4-5-15-9/h2-6H,1H3	BGEBZHIAGXMEMV-UHFFFAOYSA-N	0,74	4,31
127-79-7	Cc1ccnc(NS(=O)(=O)c2ccc(N)cc2)n1	InChI=1S/C11H12N4O2S/c1-8-6-7-13-11(14-8)15-18(16,17)10-4-2-9(12)3-5-10/h2-7H,12H2,1H3,(H,13,14,15)	QPPBRPIAZZHUNT-UHFFFAOYSA-N	0,11	4,84
4199-88-6	O=[N+]([O-])c1cc2cccnc2c2ncccc12	InChI=1S/C12H7N3O2/c16-15(17)10-7-8-3-1-5-13-11(8)12-9(10)4-2-6-14-12/h1-7H	PDDBTWXLNJNICS-UHFFFAOYSA-N	1,75	4,17
567-61-3	Cc1cccc(O)c1C(=O)O	InChI=1S/C8H8O3/c1-5-3-2-4-6(9)7(5)8(10)11/h2-4,9H,1H3,(H,10,11)	HCJMNOSIAGSZBM-UHFFFAOYSA-N	0,22	4,78
38609-97-1	C(C(O)=O)N1c2ccccc2C(c2ccccc12)=O	InChI=1S/C15H11NO3/c17-14(18)9-16-12-7-3-1-5-10(12)15(19)11-6-2-4-8-13(11)16/h1-8H,9H2,(H,17,18)	UOMKBIIXHQIERR-UHFFFAOYSA-N	0,71	4,03
5782-85-4	c1c(cc(c(c1O)O)O)C(NN)=O	InChI=1S/C7H8N2O4/c8-9-7(13)3-1-4(10)6(12)5(11)2-3/h1-2,10-12H,8H2,(H,9,13)	FBCVSPDPLQWYJV-UHFFFAOYSA-N	-0,02	5,26
16617-46-2	C(c1cn[nH]c1N)#N	InChI=1S/C4H4N4/c5-1-3-2-7-8-4(3)6/h2H,(H3,6,7,8)	FFNKBQRKZRMYCL-UHFFFAOYSA-N	-0,43	5,90
98027-17-9	C(c1cnoc1N)#N	InChI=1S/C4H3N3O/c5-1-3-2-7-8-4(3)6/h2H,6H2	HAZRYIRJNFYOLH-UHFFFAOYSA-N	-0,11	6,02
108-52-1	Cc1ccnc(N)n1	InChI=1S/C5H7N3/c1-4-2-3-7-5(6)8-4/h2-3H,1H3,(H2,6,7,8)	GHCFWKFREBNSPC-UHFFFAOYSA-N	-0,54	5,32
6914-79-0	C1CC1(C#N)C(O)=O	InChI=1S/C5H5NO2/c6-3-5(1-2-5)4(7)8/h1-2H2,(H,7,8)	KSJJMSKNZVXAND-UHFFFAOYSA-N	-0,45	7,59
5272-86-6	Cc1c(c(C)[nH]n1)N	InChI=1S/C5H9N3/c1-3-5(6)4(2)8-7-3/h6H2,1-2H3,(H,7,8)	LNVWRBNPXCUYJI-UHFFFAOYSA-N	-0,88	5,33
1621-91-6	c1c[nH]nc1C(O)=O	InChI=1S/C4H4N2O2/c7-4(8)3-1-2-5-6-3/h1-2H,(H,5,6)(H,7,8)	KOPFEFZSAMLEHK-UHFFFAOYSA-N	-0,33	6,28
3530-15-2	Cc1nnc(C)n1N	InChI=1S/C4H8N4/c1-3-6-7-4(2)8(3)5/h5H2,1-2H3	MIIKMZAVLKMOFM-UHFFFAOYSA-N	0,65	6,12
22819-05-2	CCc1nc(N)[nH]n1	InChI=1S/C4H8N4/c1-2-3-6-4(5)8-7-3/h2H2,1H3,(H3,5,6,7,8)	ZVWFWIXWMIMWEU-UHFFFAOYSA-N	-0,73	5,94
3209-71-0	c1conc1C(O)=O	InChI=1S/C4H3NO3/c6-4(7)3-1-2-8-5-3/h1-2H,(H,6,7)	UXYRXGFUANQKTA-UHFFFAOYSA-N	0,36	6,05
3849-20-5	C(\C(C(N)=O)=N/O)#N	InChI=1S/C3H3N3O2/c4-1-2(6-8)3(5)7/h8H,(H2,5,7)/b6-2+	CAFXGFHPOQBGJP-QHHAFSJGSA-N	1,28	5,16
-	Cn1ccnc1S	InChI=1S/C4H6N2S/c1-6-3-2-5-4(6)7/h2-3H,1H3,(H,5,7)	PMRYVIKBURPHAH-UHFFFAOYSA-N	-0,72	5,66
-	C1CNCCC1CN	InChI=1S/C6H14N2/c7-5-6-1-3-8-4-2-6/h6,8H,1-5,7H2	LTEKQAPRXFBRNN-UHFFFAOYSA-N	-1,08	5,98
-	COC1CCNCC1	InChI=1S/C6H13NO/c1-8-6-2-4-7-5-3-6/h6-7H,2-5H2,1H3	ZEYSHALLPAKUHG-UHFFFAOYSA-N	-1,11	6,02
543-24-8	CC(NCC(O)=O)=O	InChI=1S/C4H7NO3/c1-3(6)5-2-4(7)8/h2H2,1H3,(H,5,6)(H,7,8)	OKJIRPAQVSHGFK-UHFFFAOYSA-N	-0,53	6,82
996-98-5	C(C(NN)=O)(NN)=O	InChI=1S/C2H6N4O2/c3-5-1(7)2(8)6-4/h3-4H2,(H,5,7)(H,6,8)	SWRGUMCEJHQWEE-UHFFFAOYSA-N	0,09	5,62
-	C(/C(N)=S)(N)=N/O	InChI=1S/C2H5N3OS/c3-1(5-6)2(4)7/h6H,(H2,3,5)(H2,4,7)	XNLKIFIXNHKSFH-UHFFFAOYSA-N	0,97	4,09
96-53-7	C1CSC(=N1)S	InChI=1S/C3H5NS2/c5-3-4-1-2-6-3/h1-2H2,(H,4,5)	WGJCBBASTRWVJL-UHFFFAOYSA-N	-0,38	5,84
140-95-4	C(NC(NCO)=O)O	InChI=1S/C3H8N2O3/c6-1-4-3(8)5-2-7/h6-7H,1-2H2,(H2,4,5,8)	QUBQYFYWUJJAAK-UHFFFAOYSA-N	-0,96	7,31
350-03-8	CC(c1cccnc1)=O	InChI=1S/C7H7NO/c1-6(9)7-3-2-4-8-5-7/h2-5H,1H3	WEGYGNROSJDEIW-UHFFFAOYSA-N	0,55	4,93
1452-77-3	c1ccnc(c1)C(N)=O	InChI=1S/C6H6N2O/c7-6(9)5-3-1-2-4-8-5/h1-4H,(H2,7,9)	IBBMAWULFFBRKK-UHFFFAOYSA-N	0,21	5,34
98-98-6	c1ccnc(c1)C(O)=O	InChI=1S/C6H5NO2/c8-6(9)5-3-1-2-4-7-5/h1-4H,(H,8,9)	SIOXPEMLGUPBBT-UHFFFAOYSA-N	0,46	5,50
19713-89-4	[H]C(c1c(C)c(C)c[nH]1)=O	InChI=1S/C7H9NO/c1-5-3-8-7(4-9)6(5)2/h3-4,8H,1-2H3	LRJDGBKOYYAJJF-UHFFFAOYSA-N	-0,22	4,89
50269-95-9	c1cc(C(NN)=O)[nH]c1	InChI=1S/C5H7N3O/c6-8-5(9)4-2-1-3-7-4/h1-3,7H,6H2,(H,8,9)	FQIAWPZQJCAPSW-UHFFFAOYSA-N	-0,18	5,47
4428-38-0	C(Cc1ccco1)CN	InChI=1S/C7H11NO/c8-5-1-3-7-4-2-6-9-7/h2,4,6H,1,3,5,8H2	BMBNEIGPGNXTRH-UHFFFAOYSA-N	-1,04	6,03
15366-34-4	COC(c1cc[nH]n1)=O	InChI=1S/C5H6N2O2/c1-9-5(8)4-2-3-6-7-4/h2-3H,1H3,(H,6,7)	ORUCTBNNYKZMSK-UHFFFAOYSA-N	-0,44	6,35
675-10-5	CC1=CC(=CC(=O)O1)O	InChI=1S/C6H6O3/c1-4-2-5(7)3-6(8)9-4/h2-3,7H,1H3	NSYSSMYQPLSPOD-UHFFFAOYSA-N	-0,05	5,00
16034-46-1	Cn1c(ccn1)C(O)=O	InChI=1S/C5H6N2O2/c1-7-4(5(8)9)2-3-6-7/h2-3H,1H3,(H,8,9)	JREJQAWGQCMSIY-UHFFFAOYSA-N	0,05	5,77
40704-11-8	Cc1c(c[nH]n1)C(O)=O	InChI=1S/C5H6N2O2/c1-3-4(5(8)9)2-6-7-3/h2H,1H3,(H,6,7)(H,8,9)	HLYYXPDTFLUERX-UHFFFAOYSA-N	-0,45	6,35
5952-92-1	Cn1cc(cn1)C(O)=O	InChI=1S/C5H6N2O2/c1-7-3-4(2-6-7)5(8)9/h2-3H,1H3,(H,8,9)	UPPPWUOZCSMDTR-UHFFFAOYSA-N	-0,39	6,28
56-06-4	C1=C(N)N=C(N)NC1=O	InChI=1S/C4H6N4O/c5-2-1-3(9)8-4(6)7-2/h1H,(H5,5,6,7,8,9)	SWELIMKTDYHAOY-UHFFFAOYSA-N	-0,52	5,34
402-61-9	Cc1cc(C(O)=O)n[nH]1	InChI=1S/C5H6N2O2/c1-3-2-4(5(8)9)7-6-3/h2H,1H3,(H,6,7)(H,8,9)	WSMQKESQZFQMFW-UHFFFAOYSA-N	-0,35	5,99
3326-71-4	c1cc(C(NN)=O)oc1	InChI=1S/C5H6N2O2/c6-7-5(8)4-2-1-3-9-4/h1-3H,6H2,(H,7,8)	SKTSVWWOAIAIKI-UHFFFAOYSA-N	-0,19	5,58
25016-20-0	Cn1ccc(C(O)=O)n1	InChI=1S/C5H6N2O2/c1-7-3-2-4(6-7)5(8)9/h2-3H,1H3,(H,8,9)	YBFIKNNFQIBIQZ-UHFFFAOYSA-N	-0,30	6,22
153912-60-8	Cc1cc(CO)nn1C	InChI=1S/C6H10N2O/c1-5-3-6(4-9)7-8(5)2/h3,9H,4H2,1-2H3	XJBMHIHXRARJJS-UHFFFAOYSA-N	-0,91	6,55
696-23-1	Cc1nc(c[nH]1)[N+]([O-])=O	InChI=1S/C4H5N3O2/c1-3-5-2-4(6-3)7(8)9/h2H,1H3,(H,5,6)	FFYTTYVSDVWNMY-UHFFFAOYSA-N	0,55	4,95
34334-96-8	Cc1cc([nH]n1)[N+]([O-])=O	InChI=1S/C4H5N3O2/c1-3-2-4(6-5-3)7(8)9/h2H,1H3,(H,5,6)	ASURMMBYYOJOTQ-UHFFFAOYSA-N	1,29	4,76
832737-27-6	Cc1c(C(O)=O)n[nH]n1	InChI=1S/C4H5N3O2/c1-2-3(4(8)9)6-7-5-2/h1H3,(H,8,9)(H,5,6,7)	VCFOEWURSYAGKP-UHFFFAOYSA-N	0,07	6,24
13300-88-4	C(c1c(N)non1)(N)=O	InChI=1S/C3H4N4O2/c4-2-1(3(5)8)6-9-7-2/h(H2,4,7)(H2,5,8)	NQUIGUVMOCOCDD-UHFFFAOYSA-N	0,57	4,93
3641-13-2	C(c1nnc(N)[nH]1)(O)=O	InChI=1S/C3H4N4O2/c4-3-5-1(2(8)9)6-7-3/h(H,8,9)(H3,4,5,6,7)	MVRGLMCHDCMPKD-UHFFFAOYSA-N	0,14	5,16
852916-97-3	CNCC(NC1CC1)=O	InChI=1S/C6H12N2O/c1-7-4-6(9)8-5-2-3-5/h5,7H,2-4H2,1H3,(H,8,9)	RTGJBSRHLWCRQV-UHFFFAOYSA-N	-0,85	6,53
22476-74-0	CC1(C)C(NCCN1)=O	InChI=1S/C6H12N2O/c1-6(2)5(9)7-3-4-8-6/h8H,3-4H2,1-2H3,(H,7,9)	ZBFIRYWCOIYJDA-UHFFFAOYSA-N	-0,88	5,94
98-89-5	C1CCC(CC1)C(O)=O	InChI=1S/C7H12O2/c8-7(9)6-4-2-1-3-5-6/h6H,1-5H2,(H,8,9)	NZNMSOFKMUBTKW-UHFFFAOYSA-N	-0,99	7,59
27578-60-5	C1CCN(CC1)CCN	InChI=1S/C7H16N2/c8-4-7-9-5-2-1-3-6-9/h1-8H2	CJNRGSHEMCMUOE-UHFFFAOYSA-N	-1,12	6,03
2022-85-7	C1=C(C(N)=NC(N1)=O)F	InChI=1S/C4H4FN3O/c5-2-1-7-4(9)8-3(2)6/h1H,(H3,6,7,8,9)	XRECTZIEBJDKEO-UHFFFAOYSA-N	0,09	5,06
4214-79-3	C1=CC(NC=C1[Cl])=O	InChI=1S/C5H4ClNO/c6-4-1-2-5(8)7-3-4/h1-3H,(H,7,8)	SZFUWUOHDRMCKD-UHFFFAOYSA-N	0,20	4,53
51-21-8	C1=C(C(NC(N1)=O)=O)F	InChI=1S/C4H3FN2O2/c5-2-1-6-4(9)7-3(2)8/h1H,(H2,6,7,8,9)	GHASVSINZRGABV-UHFFFAOYSA-N	0,30	5,34
95-20-5	Cc1cc2ccccc2[nH]1	InChI=1S/C9H9N/c1-7-6-8-4-2-3-5-9(8)10-7/h2-6,10H,1H3	BHNHHSOHWZKFOX-UHFFFAOYSA-N	-0,94	5,21
3182-85-2	CC(C)CNCC(O)=O	InChI=1S/C6H13NO2/c1-5(2)3-7-4-6(8)9/h5,7H,3-4H2,1-2H3,(H,8,9)	VKZGJEWGVNFKPE-UHFFFAOYSA-N	-0,90	6,12
615-15-6	Cc1nc2ccccc2[nH]1	InChI=1S/C8H8N2/c1-6-9-7-4-2-3-5-8(7)10-6/h2-5H,1H3,(H,9,10)	LDZYRENCLPUXAX-UHFFFAOYSA-N	-0,77	5,60
2782-91-4	CN(C)C(N(C)C)=S	InChI=1S/C5H12N2S/c1-6(2)5(8)7(3)4/h1-4H3	MNOILHPDHOHILI-UHFFFAOYSA-N	-0,49	4,94
87-41-2	C1c2ccccc2C(=O)O1	InChI=1S/C8H6O2/c9-8-7-4-2-1-3-6(7)5-10-8/h1-4H,5H2	WNZQDUSMALZDQF-UHFFFAOYSA-N	0,16	5,85
59-49-4	c1ccc2c(c1)NC(=O)O2	InChI=1S/C7H5NO2/c9-7-8-5-3-1-2-4-6(5)10-7/h1-4H,(H,8,9)	ASSKVPFEZFQQNQ-UHFFFAOYSA-N	-0,72	5,63
99-03-6	CC(c1cccc(c1)N)=O	InChI=1S/C8H9NO/c1-6(10)7-3-2-4-8(9)5-7/h2-5H,9H2,1H3	CKQHAYFOPRIUOM-UHFFFAOYSA-N	0,21	4,35
613-92-3	c1ccc(cc1)/C(N)=N/O	InChI=1S/C7H8N2O/c8-7(9-10)6-4-2-1-3-5-6/h1-5,10H,(H2,8,9)	MXOQNVMDKHLYCZ-UHFFFAOYSA-N	-0,35	5,07
64-10-8	c1ccc(cc1)NC(N)=O	InChI=1S/C7H8N2O/c8-7(10)9-6-4-2-1-3-5-6/h1-5H,(H3,8,9,10)	LUBJCRLGQSPQNN-UHFFFAOYSA-N	-0,62	5,72
82380-18-5	C(c1ccc(cc1F)O)#N	InChI=1S/C7H4FNO/c8-7-3-6(10)2-1-5(7)4-9/h1-3,10H	REIVHYDACHXPNH-UHFFFAOYSA-N	0,10	5,48
553-53-7	c1cc(cnc1)C(NN)=O	InChI=1S/C6H7N3O/c7-9-6(10)5-2-1-3-8-4-5/h1-4H,7H2,(H,9,10)	KFUSANSHCADHNJ-UHFFFAOYSA-N	0,35	5,59
849833-59-6	c1cc(cnc1)/C(N)=N/O	InChI=1S/C6H7N3O/c7-6(9-10)5-2-1-3-8-4-5/h1-4,10H,(H2,7,9)	AQBMQGDKWIPBRF-UHFFFAOYSA-N	-0,14	4,93
1594-57-6	c1cnccc1/C(N)=N/O	InChI=1S/C6H7N3O/c7-6(9-10)5-1-3-8-4-2-5/h1-4,10H,(H2,7,9)	ZUUATXHRJFHSGO-UHFFFAOYSA-N	0,15	4,86
88513-35-3	C1COc2c1cnc(N)n2	InChI=1S/C6H7N3O/c7-6-8-3-4-1-2-10-5(4)9-6/h3H,1-2H2,(H2,7,8,9)	GKTQSMMWWKODFZ-UHFFFAOYSA-N	-0,62	5,28
1396764-45-6	c1cnc(/C(N)=N/O)nc1	InChI=1S/C5H6N4O/c6-4(9-10)5-7-2-1-3-8-5/h1-3,10H,(H2,6,9)	MTMYDZFBFHZRIJ-UHFFFAOYSA-N	0,18	4,40
15690-24-1	C(=C/c1ccco1)\C(O)=O	InChI=1S/C7H6O3/c8-7(9)4-3-6-2-1-5-10-6/h1-5H,(H,8,9)/b4-3+	ZCJLOOJRNPHKAV-ONEGZZNKSA-N	0,72	4,25
35543-25-0	C1CCN(C1)CCCC#N	InChI=1S/C8H14N2/c9-5-1-2-6-10-7-3-4-8-10/h1-4,6-8H2	OSDDDHPYSNZBPF-UHFFFAOYSA-N	-0,86	6,00
5006-66-6	c1cc(ncc1C(O)=O)O	InChI=1S/C6H5NO3/c8-5-2-1-4(3-7-5)6(9)10/h1-3H,(H,7,8)(H,9,10)	BLHCMGRVFXRYRN-UHFFFAOYSA-N	0,19	5,48
699-18-3	C(=C/[N+]([O-])=O)\c1ccco1	InChI=1S/C6H5NO3/c8-7(9)4-3-6-2-1-5-10-6/h1-5H/b4-3+	WVUICGOYGDHVBH-ONEGZZNKSA-N	1,48	3,84
120650-89-7	CN(C)/C=C(\C#N)C(N)=O	InChI=1S/C6H9N3O/c1-9(2)4-5(3-7)6(8)10/h4H,1-2H3,(H2,8,10)/b5-4+	XNZBBRSOQRITIK-SNAWJCMRSA-N	0,37	4,98
3977-23-9	CC1=C(C)N=C(N)NC1=O	InChI=1S/C6H9N3O/c1-3-4(2)8-6(7)9-5(3)10/h1-2H3,(H3,7,8,9,10)	APWRLAZEMYLHKZ-UHFFFAOYSA-N	-0,37	5,08
5734-66-7	[H]N1C(N)=NC(CC)=CC1=O	InChI=1S/C6H9N3O/c1-2-4-3-5(10)9-6(7)8-4/h3H,2H2,1H3,(H3,7,8,9,10)	QDSSWFSXBZSFQO-UHFFFAOYSA-N	-0,30	5,30
34064-86-3	C(CN1CCNCC1)C#N	InChI=1S/C7H13N3/c8-2-1-5-10-6-3-9-4-7-10/h9H,1,3-7H2	MVOFPBMQTXKONX-UHFFFAOYSA-N	-0,84	6,19
40535-14-6	Cc1cc(C(NN)=O)[nH]n1	InChI=1S/C5H8N4O/c1-3-2-4(9-8-3)5(10)7-6/h2H,6H2,1H3,(H,7,10)(H,8,9)	FWNHUZOBVQZERU-UHFFFAOYSA-N	0,04	5,92
5962-13-0	C(c1ccco1)NC(N)=O	InChI=1S/C6H8N2O2/c7-6(9)8-4-5-2-1-3-10-5/h1-3H,4H2,(H3,7,8,9)	AUHRREWMYVOMRT-UHFFFAOYSA-N	-0,26	6,13
400755-43-3	CCn1c(ccn1)C(O)=O	InChI=1S/C6H8N2O2/c1-2-8-5(6(9)10)3-4-7-8/h3-4H,2H2,1H3,(H,9,10)	FSMHDKRQCDWWGZ-UHFFFAOYSA-N	0,07	5,73
129306-17-8	C1CC12C(NCC(N2)=O)=O	InChI=1S/C6H8N2O2/c9-4-3-7-5(10)6(8-4)1-2-6/h1-3H2,(H,7,10)(H,8,9)	RBBJGTYVUQPXLR-UHFFFAOYSA-N	-0,80	6,73
400755-44-4	CCn1ccc(C(O)=O)n1	InChI=1S/C6H8N2O2/c1-2-8-4-3-5(7-8)6(9)10/h3-4H,2H2,1H3,(H,9,10)	YRKRPSDCHZQNDF-UHFFFAOYSA-N	-0,35	6,19
400858-54-0	CCn1cc(cn1)C(O)=O	InChI=1S/C6H8N2O2/c1-2-8-4-5(3-7-8)6(9)10/h3-4H,2H2,1H3,(H,9,10)	BXXOXFNLGLMZSO-UHFFFAOYSA-N	-0,44	6,28
956364-44-6	Cc1cnn(CC(O)=O)c1	InChI=1S/C6H8N2O2/c1-5-2-7-8(3-5)4-6(9)10/h2-3H,4H2,1H3,(H,9,10)	FCUDOROFFCNCNP-UHFFFAOYSA-N	-0,50	6,09
126-81-8	CC1(C)CC(CC(C1)=O)=O	InChI=1S/C8H12O2/c1-8(2)4-6(9)3-7(10)5-8/h3-5H2,1-2H3	BADXJIPKFRBFOT-UHFFFAOYSA-N	-0,23	5,68
29211-68-5	CC(C)(C)C1CC(NN=1)=O	InChI=1S/C7H12N2O/c1-7(2,3)5-4-6(10)9-8-5/h4H2,1-3H3,(H,9,10)	VDNOHRWEOSDGQX-UHFFFAOYSA-N	-0,50	5,81
40649-36-3	CCCC1CCC(CC1)=O	InChI=1S/C9H16O/c1-2-3-8-4-6-9(10)7-5-8/h8H,2-7H2,1H3	NQEDLIZOPMNZMC-UHFFFAOYSA-N	-0,63	5,93
57184-27-7	CC(=C)CN1CCNCC1	InChI=1S/C8H16N2/c1-8(2)7-10-5-3-9-4-6-10/h9H,1,3-7H2,2H3	KFKOZGPFYSPNQZ-UHFFFAOYSA-N	-1,01	5,29
2510-36-3	Cc1c(C(O)=O)c(C)on1	InChI=1S/C6H7NO3/c1-3-5(6(8)9)4(2)10-7-3/h1-2H3,(H,8,9)	IJEUISLJVBUNRE-UHFFFAOYSA-N	-0,03	6,14
551-92-8	Cc1ncc([N+]([O-])=O)n1C	InChI=1S/C5H7N3O2/c1-4-6-3-5(7(4)2)8(9)10/h3H,1-2H3	IBXPYPUJPLLOIN-UHFFFAOYSA-N	0,91	4,59
29097-00-5	COC(c1c[nH]nc1N)=O	InChI=1S/C5H7N3O2/c1-10-5(9)3-2-7-8-4(3)6/h2H,1H3,(H3,6,7,8)	KGQFAPZUQKYADG-UHFFFAOYSA-N	-0,54	5,28
83467-34-9	Cc1c(CCO)c(C)on1	InChI=1S/C7H11NO2/c1-5-7(3-4-9)6(2)10-8-5/h9H,3-4H2,1-2H3	QVSACOUKYXVIGR-UHFFFAOYSA-N	-0,75	6,31
1124-53-4	CC(NC1CCCCC1)=O	InChI=1S/C8H15NO/c1-7(10)9-8-5-3-2-4-6-8/h8H,2-6H2,1H3,(H,9,10)	WRAGCBBWIYQMRF-UHFFFAOYSA-N	-0,80	6,65
7417-28-9	CC1=C(C(NC(N1)=O)=O)O	InChI=1S/C5H6N2O3/c1-2-3(8)4(9)7-5(10)6-2/h8H,1H3,(H2,6,7,9,10)	CMRSBOGQMSQPFW-UHFFFAOYSA-N	-0,01	4,91
140706-47-4	CC(Nc1c(N)non1)=O	InChI=1S/C4H6N4O2/c1-2(9)6-4-3(5)7-10-8-4/h1H3,(H2,5,7)(H,6,8,9)	GVZQUWHSBVLLCC-UHFFFAOYSA-N	-0,09	5,31
3641-14-3	COC(c1nc(N)n[nH]1)=O	InChI=1S/C4H6N4O2/c1-10-3(9)2-6-4(5)8-7-2/h1H3,(H3,5,6,7,8)	OSZNPKRMPBUQLB-UHFFFAOYSA-N	0,25	4,72
92614-86-3	C(Cn1cnnn1)C(O)=O	InChI=1S/C4H6N4O2/c9-4(10)1-2-8-3-5-6-7-8/h3H,1-2H2,(H,9,10)	WMTYEYUOSFTJBH-UHFFFAOYSA-N	-0,34	7,10
59702-31-7	CCN1CCNC(C1=O)=O	InChI=1S/C6H10N2O2/c1-2-8-4-3-7-5(9)6(8)10/h2-4H2,1H3,(H,7,9)	ZBEKOEYCWKIMGU-UHFFFAOYSA-N	0,02	5,72
23806-24-8	Cc1ccsc1C(O)=O	InChI=1S/C6H6O2S/c1-4-2-3-9-5(4)6(7)8/h2-3H,1H3,(H,7,8)	IFLKEBSJTZGCJG-UHFFFAOYSA-N	0,19	5,17
56-04-2	CC1=CC(NC(N1)=S)=O	InChI=1S/C5H6N2OS/c1-3-2-4(8)7-5(9)6-3/h2H,1H3,(H2,6,7,8,9)	HWGBHCRJGXAGEU-UHFFFAOYSA-N	0,28	4,72
7663-77-6	C1CC(N(C1)CCCN)=O	InChI=1S/C7H14N2O/c8-4-2-6-9-5-1-3-7(9)10/h1-6,8H2	HJORCZCMNWLHMB-UHFFFAOYSA-N	-1,01	6,59
698-90-8	C1CCC(CC1)NC(N)=O	InChI=1S/C7H14N2O/c8-7(10)9-6-4-2-1-3-5-6/h6H,1-5H2,(H3,8,9,10)	WUESWDIHTKHGQA-UHFFFAOYSA-N	-0,76	6,60
1903-69-1	CNC(C1CCNCC1)=O	InChI=1S/C7H14N2O/c1-8-7(10)6-2-4-9-5-3-6/h6,9H,2-5H2,1H3,(H,8,10)	QAJOLLVGOSCKGP-UHFFFAOYSA-N	-0,84	5,95
165115-15-1	Cc1nc(CCN)cs1	InChI=1S/C6H10N2S/c1-5-8-6(2-3-7)4-9-5/h4H,2-3,7H2,1H3	GLEZGSKBHYTSAD-UHFFFAOYSA-N	-0,69	5,54
159013-94-2	COC(c1c(N)non1)=O	InChI=1S/C4H5N3O3/c1-9-4(8)2-3(5)7-10-6-2/h1H3,(H2,5,7)	PNFAQDARRSPFKS-UHFFFAOYSA-N	0,69	4,89
123-00-2	C(CN)CN1CCOCC1	InChI=1S/C7H16N2O/c8-2-1-3-9-4-6-10-7-5-9/h1-8H2	UIKUBYKUYUSRSM-UHFFFAOYSA-N	-1,08	6,16
1074-86-8	C(c1cccc2c1cc[nH]2)=O	InChI=1S/C9H7NO/c11-6-7-2-1-3-9-8(7)4-5-10-9/h1-6,10H	JFDDFGLNZWNJTK-UHFFFAOYSA-N	0,41	4,28
91-55-4	Cc1c2ccccc2[nH]c1C	InChI=1S/C10H11N/c1-7-8(2)11-10-6-4-3-5-9(7)10/h3-6,11H,1-2H3	PYFVEIDRTLBMHG-UHFFFAOYSA-N	-0,90	5,08
119-39-1	C1c2ccccc2C(NN=1)=O	InChI=1S/C8H6N2O/c11-8-7-4-2-1-3-6(7)5-9-10-8/h1-5H,(H,10,11)	IJAPPYDYQCXOEF-UHFFFAOYSA-N	0,35	4,84
491-36-1	C1NC(c2ccccc2N=1)=O	InChI=1S/C8H6N2O/c11-8-6-3-1-2-4-7(6)9-5-10-8/h1-5H,(H,9,10,11)	QMNUDYFKZYBWQX-UHFFFAOYSA-N	0,07	5,12
6293-20-5	CCOC(CNC(N)=O)=O	InChI=1S/C5H10N2O3/c1-2-10-4(8)3-7-5(6)9/h2-3H2,1H3,(H3,6,7,9)	YKPKXMAVLXBQDT-UHFFFAOYSA-N	-0,70	6,86
81881-74-5	C(c1ccc2c(cc[nH]2)c1)N	InChI=1S/C9H10N2/c10-6-7-1-2-9-8(5-7)3-4-11-9/h1-5,11H,6,10H2	UAYYSAPJTRVEQA-UHFFFAOYSA-N	-0,85	5,14
582-60-5	Cc1cc2c(cc1C)[nH]cn2	InChI=1S/C9H10N2/c1-6-3-8-9(4-7(6)2)11-5-10-8/h3-5H,1-2H3,(H,10,11)	LJUQGASMPRMWIW-UHFFFAOYSA-N	-0,89	5,47
1622-57-7	Cn1c2ccccc2nc1N	InChI=1S/C8H9N3/c1-11-7-5-3-2-4-6(7)10-8(11)9/h2-5H,1H3,(H2,9,10)	XDFZKQJLNGNJAN-UHFFFAOYSA-N	-0,69	5,34
175137-61-8	CCCS(CC#N)(=O)=O	InChI=1S/C5H9NO2S/c1-2-4-9(7,8)5-3-6/h2,4-5H2,1H3	OVGCBSNAUREBIE-UHFFFAOYSA-N	0,84	7,73
619-72-7	C(c1ccc(cc1)[N+]([O-])=O)#N	InChI=1S/C7H4N2O2/c8-5-6-1-3-7(4-2-6)9(10)11/h1-4H	NKJIFDNZPGLLSH-UHFFFAOYSA-N	1,95	4,91
4856-97-7	C(c1nc2ccccc2[nH]1)O	InChI=1S/C8H8N2O/c11-5-8-9-6-3-1-2-4-7(6)10-8/h1-4,11H,5H2,(H,9,10)	IAJLTMBBAVVMQO-UHFFFAOYSA-N	-0,19	5,44
769-28-8	CC1=CC(C)=C(C#N)C(N1)=O	InChI=1S/C8H8N2O/c1-5-3-6(2)10-8(11)7(5)4-9/h3H,1-2H3,(H,10,11)	OCYMJCILWYHKAU-UHFFFAOYSA-N	0,70	4,48
59564-59-9	C1C(Nc2ccccc2N1)=O	InChI=1S/C8H8N2O/c11-8-5-9-6-3-1-2-4-7(6)10-8/h1-4,9H,5H2,(H,10,11)	HYTIPJFUWHYQON-UHFFFAOYSA-N	-0,74	5,09
1438-16-0	C1C(N(C(=S)S1)N)=O	InChI=1S/C3H4N2OS2/c4-5-2(6)1-8-3(5)7/h1,4H2	ZBUUHLDYMKTVLT-UHFFFAOYSA-N	0,63	4,52
120-79-6	CNC(C(NC)=S)=S	InChI=1S/C4H8N2S2/c1-5-3(7)4(8)6-2/h1-2H3,(H,5,7)(H,6,8)	MQLIZYQZJMPNFI-UHFFFAOYSA-N	1,20	3,93
-	C(=C(C=O)\c1ccncc1)\O	InChI=1S/C8H7NO2/c10-5-8(6-11)7-1-3-9-4-2-7/h1-6,10H/b8-5-	WCURBFWHPRKKRE-YVMONPNESA-N	0,64	4,87
5466-88-6	C1C(Nc2ccccc2O1)=O	InChI=1S/C8H7NO2/c10-8-5-11-7-4-2-1-3-6(7)9-8/h1-4H,5H2,(H,9,10)	QRCGFTXRXYMJOS-UHFFFAOYSA-N	0,15	5,41
19337-97-4	C(=C/c1cccnc1)\C(O)=O	InChI=1S/C8H7NO2/c10-8(11)4-3-7-2-1-5-9-6-7/h1-6H,(H,10,11)/b4-3+	VUVORVXMOLQFMO-ONEGZZNKSA-N	1,08	4,65
537-92-8	CC(Nc1cccc(C)c1)=O	InChI=1S/C9H11NO/c1-7-4-3-5-9(6-7)10-8(2)11/h3-6H,1-2H3,(H,10,11)	ALMHSXDYCFOZQD-UHFFFAOYSA-N	-0,70	5,57
100-10-7	CN(C)c1ccc(C=O)cc1	InChI=1S/C9H11NO/c1-10(2)9-5-3-8(7-11)4-6-9/h3-7H,1-2H3	BGNGWHSBYQYVRX-UHFFFAOYSA-N	0,13	4,37
90928-92-0	Cc1nc(CN)on1	InChI=1S/C4H7N3O/c1-3-6-4(2-5)8-7-3/h2,5H2,1H3	NPBUMVMXXGQOEG-UHFFFAOYSA-N	-0,50	6,32
3240-94-6	C1COCCN1CC[Cl]	InChI=1S/C6H12ClNO/c7-1-2-8-3-5-9-6-4-8/h1-6H2	ZAPMTSHEXFEPSD-UHFFFAOYSA-N	0,48	6,32
63139-21-9	[B](c1ccc(CC)cc1)(O)O	InChI=1S/C8H11BO2/c1-2-7-3-5-8(6-4-7)9(10)11/h3-6,10-11H,2H2,1H3	RZCPLOMUUCFPQA-UHFFFAOYSA-N	-0,33	5,98
2503-56-2	Cc1cc(n2c(ncn2)n1)O	InChI=1S/C6H6N4O/c1-4-2-5(11)10-6(9-4)7-3-8-10/h2-3,11H,1H3	ZUIVNYGZFPOXFW-UHFFFAOYSA-N	0,07	5,43
123-93-3	C(C(O)=O)SCC(O)=O	InChI=1S/C4H6O4S/c5-3(6)1-9-2-4(7)8/h1-2H2,(H,5,6)(H,7,8)	UVZICZIVKIMRNE-UHFFFAOYSA-N	0,56	5,76
10031-82-0	CCOc1ccc(C=O)cc1	InChI=1S/C9H10O2/c1-2-11-9-5-3-8(7-10)4-6-9/h3-7H,2H2,1H3	JRHHJNMASOIRDS-UHFFFAOYSA-N	0,17	4,89
1450-72-2	CC(c1cc(C)ccc1O)=O	InChI=1S/C9H10O2/c1-6-3-4-9(11)8(5-6)7(2)10/h3-5,11H,1-2H3	YNPDFBFVMJNGKZ-UHFFFAOYSA-N	0,47	4,33
-	CC(/C=C/c1ccc(C)o1)=O	InChI=1S/C9H10O2/c1-7(10)3-5-9-6-4-8(2)11-9/h3-6H,1-2H3/b5-3+	FKNBELIGEMXLJS-HWKANZROSA-N	0,74	3,89
19227-13-5	Cc1ccc(cc1)\C(N)=N/O	InChI=1S/C8H10N2O/c1-6-2-4-7(5-3-6)8(9)10-11/h2-5,11H,1H3,(H2,9,10)	NKJXMLIWSJATEE-UHFFFAOYSA-N	-0,11	4,83
331-62-4	COc1ccc(C#N)cc1F	InChI=1S/C8H6FNO/c1-11-8-3-2-6(5-10)4-7(8)9/h2-4H,1H3	FEEOVAOEPGQDTJ-UHFFFAOYSA-N	0,03	5,32
103-90-2	CC(Nc1ccc(cc1)O)=O	InChI=1S/C8H9NO2/c1-6(10)9-7-2-4-8(11)5-3-7/h2-5,11H,1H3,(H,9,10)	RZVAJINKPMORJF-UHFFFAOYSA-N	-0,71	5,26
5351-17-7	c1cc(ccc1C(NN)=O)N	InChI=1S/C7H9N3O/c8-6-3-1-5(2-4-6)7(11)10-9/h1-4H,8-9H2,(H,10,11)	WPBZMCGPFHZRHJ-UHFFFAOYSA-N	-0,25	5,10
2620-50-0	C(c1ccc2c(c1)OCO2)N	InChI=1S/C8H9NO2/c9-4-6-1-2-7-8(3-6)11-5-10-7/h1-3H,4-5,9H2	ZILSBZLQGRBMOR-UHFFFAOYSA-N	-0,86	5,36
1904-58-1	c1ccc(c(c1)C(NN)=O)N	InChI=1S/C7H9N3O/c8-6-4-2-1-3-5(6)7(11)10-9/h1-4H,8-9H2,(H,10,11)	GRWMSCBKWMQPON-UHFFFAOYSA-N	-0,06	4,61
61744-43-2	Cc1cccc(CCCO)n1	InChI=1S/C9H13NO/c1-8-4-2-5-9(10-8)6-3-7-11/h2,4-5,11H,3,6-7H2,1H3	DJPVDQYTBDDIAM-UHFFFAOYSA-N	-0,57	5,97
104-48-3	CCNc1ccc(cc1)OC	InChI=1S/C9H13NO/c1-3-10-8-4-6-9(11-2)7-5-8/h4-7,10H,3H2,1-2H3	MCPNIYHJPMRCQU-UHFFFAOYSA-N	-1,06	4,84
25979-00-4	c1(N)nc(C(F)(F)F)[nH]n1	InChI=1S/C3H3F3N4/c4-3(5,6)1-8-2(7)10-9-1/h(H3,7,8,9,10)	NQNDCVURMZJFNR-UHFFFAOYSA-N	-0,19	5,77
14779-25-0	Cc1ccc(/C=C/C(O)=O)o1	InChI=1S/C8H8O3/c1-6-2-3-7(11-6)4-5-8(9)10/h2-5H,1H3,(H,9,10)/b5-4+	CQCKLDAUFPKXPU-SNAWJCMRSA-N	0,68	4,02
14667-47-1	COC(c1cccnc1N)=O	InChI=1S/C7H8N2O2/c1-11-7(10)5-3-2-4-9-6(5)8/h2-4H,1H3,(H2,8,9)	NZZDEODTCXHCRS-UHFFFAOYSA-N	0,18	4,53
936-02-7	c1ccc(c(c1)C(NN)=O)O	InChI=1S/C7H8N2O2/c8-9-7(11)5-3-1-2-4-6(5)10/h1-4,10H,8H2,(H,9,11)	XSXYESVZDBAKKT-UHFFFAOYSA-N	-0,09	5,46
5818-06-4	c1cc(cc(c1)O)C(NN)=O	InChI=1S/C7H8N2O2/c8-9-7(11)5-2-1-3-6(10)4-5/h1-4,10H,8H2,(H,9,11)	OACGSLLKFCMXSX-UHFFFAOYSA-N	0,13	5,27
689251-97-6	Cn1cc(/C=C/C(O)=O)cn1	InChI=1S/C7H8N2O2/c1-9-5-6(4-8-9)2-3-7(10)11/h2-5H,1H3,(H,10,11)/b3-2+	PTIQETSIDLDEMZ-NSCUHMNNSA-N	0,37	4,76
67451-42-7	C(C(O)=O)n1cccc1C=O	InChI=1S/C7H7NO3/c9-5-6-2-1-3-8(6)4-7(10)11/h1-3,5H,4H2,(H,10,11)	VQNKRZLHJSBDGY-UHFFFAOYSA-N	0,16	4,99
56546-36-2	C(C(O)=O)N1C=CC=CC1=O	InChI=1S/C7H7NO3/c9-6-3-1-2-4-8(6)5-7(10)11/h1-4H,5H2,(H,10,11)	VMONVJKJUDZYIE-UHFFFAOYSA-N	0,09	4,74
27182-43-0	C1CCc2nnc(n2CC1)O	InChI=1S/C7H11N3O/c11-7-9-8-6-4-2-1-3-5-10(6)7/h1-5H2,(H,9,11)	LBVMECGJURCSOI-UHFFFAOYSA-N	-0,71	6,21
936940-14-6	CCn1c(C)c(CN)c(C)n1	InChI=1S/C8H15N3/c1-4-11-7(3)8(5-9)6(2)10-11/h4-5,9H2,1-3H3	YTTHMHICPSKVKX-UHFFFAOYSA-N	-0,77	6,05
956950-95-1	Cc1c(CCN)c(C)n(C)n1	InChI=1S/C8H15N3/c1-6-8(4-5-9)7(2)11(3)10-6/h4-5,9H2,1-3H3	YKNKANAAYSLJMA-UHFFFAOYSA-N	-0,82	6,09
956363-88-5	CCn1cc(CNC)c(C)n1	InChI=1S/C8H15N3/c1-4-11-6-8(5-9-3)7(2)10-11/h6,9H,4-5H2,1-3H3	UBCBUBZNNWRDQG-UHFFFAOYSA-N	-1,01	6,22
956935-37-8	CCNCc1cnn(CC)c1	InChI=1S/C8H15N3/c1-3-9-5-8-6-10-11(4-2)7-8/h6-7,9H,3-5H2,1-2H3	FZZKADOEHOISDP-UHFFFAOYSA-N	-0,98	6,21
40345-49-1	C1CC(c2c(C1)[n+]([O-])on2)=O	InChI=1S/C6H6N2O3/c9-5-3-1-2-4-6(5)7-11-8(4)10/h1-3H2	JZJKEJLEBBRJMD-UHFFFAOYSA-N	1,25	4,42
405-50-5	C(C(O)=O)c1ccc(cc1)F	InChI=1S/C8H7FO2/c9-7-3-1-6(2-4-7)5-8(10)11/h1-4H,5H2,(H,10,11)	MGKPFALCNDRSQD-UHFFFAOYSA-N	-0,56	6,06
403-33-8	COC(c1ccc(cc1)F)=O	InChI=1S/C8H7FO2/c1-11-8(10)6-2-4-7(9)5-3-6/h2-5H,1H3	MSEBQGULDWDIRW-UHFFFAOYSA-N	0,11	5,71
518057-72-2	c1cc(c(cc1N)C(N)=O)F	InChI=1S/C7H7FN2O/c8-6-2-1-4(9)3-5(6)7(10)11/h1-3H,9H2,(H2,10,11)	DGQLTQZWCJJIRU-UHFFFAOYSA-N	0,04	4,82
110-26-9	C=CC(NCNC(C=C)=O)=O	InChI=1S/C7H10N2O2/c1-3-6(10)8-5-9-7(11)4-2/h3-4H,1-2,5H2,(H,8,10)(H,9,11)	ZIUHHBKFKCYYJD-UHFFFAOYSA-N	0,29	5,73
197574-43-9	CCc1c(C(=O)OC)[nH]cn1	InChI=1S/C7H10N2O2/c1-3-5-6(7(10)11-2)9-4-8-5/h4H,3H2,1-2H3,(H,8,9)	VNGWRKLREBFVDD-UHFFFAOYSA-N	-0,24	5,44
699-51-4	C1CCC2(C1)C(NC(N2)=O)=O	InChI=1S/C7H10N2O2/c10-5-7(3-1-2-4-7)9-6(11)8-5/h1-4H2,(H2,8,9,10,11)	JTTFXYHJDZZDQK-UHFFFAOYSA-N	-0,64	6,89
16034-49-4	Cc1cc(C)n(CC(O)=O)n1	InChI=1S/C7H10N2O2/c1-5-3-6(2)9(8-5)4-7(10)11/h3H,4H2,1-2H3,(H,10,11)	JYSWEDYPQJOEPO-UHFFFAOYSA-N	-0,58	6,12
1255779-92-0	Cc1cc(c(C(=O)OC)[nH]1)N	InChI=1S/C7H10N2O2/c1-4-3-5(8)6(9-4)7(10)11-2/h3,9H,8H2,1-2H3	RXSCMQUFCPMSOH-UHFFFAOYSA-N	-0,74	4,80
32701-75-0	Cc1c(CC(O)=O)c(C)[nH]n1	InChI=1S/C7H10N2O2/c1-4-6(3-7(10)11)5(2)9-8-4/h3H2,1-2H3,(H,8,9)(H,10,11)	HHILOQLQBYEUTP-UHFFFAOYSA-N	-0,73	6,09
887408-72-2	CCn1c(C)c(cn1)C(O)=O	InChI=1S/C7H10N2O2/c1-3-9-5(2)6(4-8-9)7(10)11/h4H,3H2,1-2H3,(H,10,11)	YBGPNVREQFYRCD-UHFFFAOYSA-N	-0,45	6,16
1124-65-8	C(=C/c1cccs1)\C(O)=O	InChI=1S/C7H6O2S/c8-7(9)4-3-6-2-1-5-10-6/h1-5H,(H,8,9)/b4-3+	KKMZQOIASVGJQE-ONEGZZNKSA-N	0,89	4,23
-	C/C(=C(/C#N)C(=O)OC)OC	InChI=1S/C7H9NO3/c1-5(10-2)6(4-8)7(9)11-3/h1-3H3/b6-5+	QGXIHUUUMUYXFA-AATRIKPKSA-N	0,58	5,27
6994-25-8	CCOC(c1cn[nH]c1N)=O	InChI=1S/C6H9N3O2/c1-2-11-6(10)4-3-8-9-5(4)7/h3H,2H2,1H3,(H3,7,8,9)	YPXGHKWOJXQLQU-UHFFFAOYSA-N	-0,68	5,69
109012-96-6	Cc1c(C(=O)OC)c(N)[nH]n1	InChI=1S/C6H9N3O2/c1-3-4(6(10)11-2)5(7)9-8-3/h1-2H3,(H3,7,8,9)	CXAHIUONPHHSTL-UHFFFAOYSA-N	-0,71	5,66
65492-90-2	C(c1c(ccc2ccccc12)C([Br])[Br])[Br]	InChI=1S/C12H9Br3/c13-7-11-9-4-2-1-3-8(9)5-6-10(11)12(14)15/h1-6,12H,7H2	WNPPAYHKCUAGHU-UHFFFAOYSA-N	1,92	4,29
1590-22-3	C(CC(c1ccc2ccccc2c1)=O)C(O)=O	InChI=1S/C14H12O3/c15-13(7-8-14(16)17)12-6-5-10-3-1-2-4-11(10)9-12/h1-6,9H,7-8H2,(H,16,17)	GZKLCZIMSAHQDR-UHFFFAOYSA-N	0,84	4,34
116-63-2	c1ccc2c(c(cc(c2c1)S(O)(=O)=O)O)N	InChI=1S/C10H9NO4S/c11-10-7-4-2-1-3-6(7)9(5-8(10)12)16(13,14)15/h1-5,12H,11H2,(H,13,14,15)	RXCMFQDTWCCLBL-UHFFFAOYSA-N	0,91	4,33
85-02-9	c1ccc2c(c1)ccc1c2cccn1	InChI=1S/C13H9N/c1-2-5-11-10(4-1)7-8-13-12(11)6-3-9-14-13/h1-9H	HCAUQPZEWLULFJ-UHFFFAOYSA-N	0,26	4,63
16306-16-4	c1ccc2c(c1)C(c1cccc3c(ccc2c13)O)=O	InChI=1S/C17H10O2/c18-15-9-8-11-10-4-1-2-5-12(10)17(19)14-7-3-6-13(15)16(11)14/h1-9,18H	NWMOJFNQYCKHBL-UHFFFAOYSA-N	1,33	3,26
-	CCOc1ccc2C(C)=CC(c3cccc1c23)=O	InChI=1S/C16H14O2/c1-3-18-15-8-7-11-10(2)9-14(17)12-5-4-6-13(15)16(11)12/h4-9H,3H2,1-2H3	MKNDSAMBNFQTRY-UHFFFAOYSA-N	1,14	3,40
642-31-9	[H]C(c1c2ccccc2cc2ccccc12)=O	InChI=1S/C15H10O/c16-10-15-13-7-3-1-5-11(13)9-12-6-2-4-8-14(12)15/h1-10H	YMNKUHIVVMFOFO-UHFFFAOYSA-N	1,35	3,24
711-79-5	CC(c1ccc2ccccc2c1O)=O	InChI=1S/C12H10O2/c1-8(13)10-7-6-9-4-2-3-5-11(9)12(10)14/h2-7,14H,1H3	JBGJVMVWYWUVOW-UHFFFAOYSA-N	0,67	3,97
10075-66-8	COc1cccc2cccc(c12)OC	InChI=1S/C12H12O2/c1-13-10-7-3-5-9-6-4-8-11(14-2)12(9)10/h3-8H,1-2H3	QRPDMEIIZPOYED-UHFFFAOYSA-N	-0,20	4,52
-	c1c(cc2cc(cc3C(=O)OC(c1c23)=O)[N+]([O-])=O)[N+]([O-])=O	InChI=1S/C12H4N2O7/c15-11-8-3-6(13(17)18)1-5-2-7(14(19)20)4-9(10(5)8)12(16)21-11/h1-4H	LHFDXTKVBLMYJH-UHFFFAOYSA-N	2,92	4,04
-	c1cc2C(=O)OC(c3cc(c(c(c1)c23)[N+]([O-])=O)O)=O	InChI=1S/C12H5NO6/c14-8-4-7-9-5(10(8)13(17)18)2-1-3-6(9)11(15)19-12(7)16/h1-4,14H	UZWXOXHNLSASRH-UHFFFAOYSA-N	2,74	3,50
23204-36-6	c1cc2C(=O)OC(c3cc(cc(c1)c23)O)=O	InChI=1S/C12H6O4/c13-7-4-6-2-1-3-8-10(6)9(5-7)12(15)16-11(8)14/h1-5,13H	FKVNZFAMXGMPOU-UHFFFAOYSA-N	1,61	3,79
4053-08-1	c1cc2C(=O)OC(c3ccc(c(c1)c23)[Cl])=O	InChI=1S/C12H5ClO3/c13-9-5-4-8-10-6(9)2-1-3-7(10)11(14)16-12(8)15/h1-5H	UJEUBSWHCGDJQU-UHFFFAOYSA-N	1,81	3,95
3688-79-7	COc1ccc2c3ccccc3C(c3cccc1c23)=O	InChI=1S/C18H12O2/c1-20-16-10-9-12-11-5-2-3-6-13(11)18(19)15-8-4-7-14(16)17(12)15/h2-10H,1H3	BGQDCDRDPCVLJE-UHFFFAOYSA-N	1,17	3,36
23749-58-8	c1ccc2c(c1)nc1c3cccc4cccc(C(n12)=O)c34	InChI=1S/C18H10N2O/c21-18-13-8-4-6-11-5-3-7-12(16(11)13)17-19-14-9-1-2-10-15(14)20(17)18/h1-10H	NZBSAAMEZYOGBA-UHFFFAOYSA-N	1,53	3,35
4406-87-5	C1Cc2ccc(c3c(ccc1c23)[N+]([O-])=O)[N+]([O-])=O	InChI=1S/C12H8N2O4/c15-13(16)9-5-3-7-1-2-8-4-6-10(14(17)18)12(9)11(7)8/h3-6H,1-2H2	FIXNUWGGLHPMGU-UHFFFAOYSA-N	1,56	4,11
3369-39-9	C1=CC(N(C1=O)c1cccc2ccccc12)=O	InChI=1S/C14H9NO2/c16-13-8-9-14(17)15(13)12-7-3-5-10-4-1-2-6-11(10)12/h1-9H	BAWHYOHVWHQWFQ-UHFFFAOYSA-N	1,42	3,47
7056-70-4	c1cc(cc(c1)[Cl])N1C(c2cccc3cccc(C1=O)c23)=O	InChI=1S/C18H10ClNO2/c19-12-6-3-7-13(10-12)20-17(21)14-8-1-4-11-5-2-9-15(16(11)14)18(20)22/h1-10H	MRVPOPCWVUFBDU-UHFFFAOYSA-N	1,49	4,03
1825-30-5	c1cc(c2cccc(c2c1)[Cl])[Cl]	InChI=1S/C10H6Cl2/c11-9-5-1-3-7-8(9)4-2-6-10(7)12/h1-6H	ZBQZXTBAGBTUAD-UHFFFAOYSA-N	0,40	4,46
581-42-0	Cc1ccc2cc(C)ccc2c1	InChI=1S/C12H12/c1-9-3-5-12-8-10(2)4-6-11(12)7-9/h3-8H,1-2H3	YGYNBBAUIYTWBF-UHFFFAOYSA-N	-0,28	4,77
2401-85-6	c1ccc2c(c(cc(c2c1)[N+]([O-])=O)[N+]([O-])=O)[Cl]	InChI=1S/C10H5ClN2O4/c11-10-7-4-2-1-3-6(7)8(12(14)15)5-9(10)13(16)17/h1-5H	SKKUAUZTZZRYPW-UHFFFAOYSA-N	2,19	3,92
204-02-4	c1cc2cccc3c2c(c1)nc[nH]3	InChI=1S/C11H8N2/c1-3-8-4-2-6-10-11(8)9(5-1)12-7-13-10/h1-7H,(H,12,13)	AAQTWLBJPNLKHT-UHFFFAOYSA-N	-0,30	4,08
312605-17-7	COc1ccc2ccccc2c1c1csc(N)n1	InChI=1S/C14H12N2OS/c1-17-12-7-6-9-4-2-3-5-10(9)13(12)11-8-18-14(15)16-11/h2-8H,1H3,(H2,15,16)	XNLICULCURDRDU-UHFFFAOYSA-N	0,03	4,20
88609-20-5	O=[N+]([O-])c1cc([N+](=O)[O-])c2ncccc2c1	InChI=1S/C15H10BrNO2/c1-17-11-7-6-10(16)12-13(11)15(19)9-5-3-2-4-8(9)14(12)18/h2-7,17H,1H3	BGFSMXPMBZGPQL-UHFFFAOYSA-N	2,10	4,29
128-93-8	CNc1ccc(Br)c2c1C(=O)c1ccccc1C2=O	InChI=1S/C14H8ClNO2/c15-10-6-5-9-11(12(10)16)14(18)8-4-2-1-3-7(8)13(9)17/h1-6H,16H2	IIPRUQZTMZETSL-UHFFFAOYSA-N	1,75	0,73
117-07-7	Nc1c(Cl)ccc2c1C(=O)c1ccccc1C2=O	InChI=1S/C14H7ClO2/c15-8-5-6-11-12(7-8)14(17)10-4-2-1-3-9(10)13(11)16/h1-7H	QQOBTPNGSQEDAS-UHFFFAOYSA-N	1,80	1,37
131-09-9	O=C1c2ccccc2C(=O)c2cc(Cl)ccc21	InChI=1S/C15H8O4/c16-13-9-3-1-2-4-10(9)14(17)12-7-8(15(18)19)5-6-11(12)13/h1-7H,(H,18,19)	FPKCTSIVDAWGFA-UHFFFAOYSA-N	1,92	1,49
117-78-2	O=C(O)c1ccc2c(c1)C(=O)c1ccccc1C2=O	InChI=1S/C14H6N2O6/c17-13-7-3-1-5-9(15(19)20)11(7)14(18)8-4-2-6-10(12(8)13)16(21)22/h1-6H	ASDLSKCKYGVMAI-UHFFFAOYSA-N	2,07	3,02
82-35-9	O=C1c2cccc([N+](=O)[O-])c2C(=O)c2cccc([N+](=O)[O-])c21	InChI=1S/C15H10O2/c1-9-6-7-12-13(8-9)15(17)11-5-3-2-4-10(11)14(12)16/h2-8H,1H3	XVMVHWDCRFNPQR-UHFFFAOYSA-N	2,57	2,40
84-54-8	Cc1ccc2c(c1)C(=O)c1ccccc1C2=O	InChI=1S/C15H7NO6/c17-13-7-3-1-2-4-8(7)14(18)11-9(13)5-6-10(15(19)20)12(11)16(21)22/h1-6H,(H,19,20)	NJWGQARXZDRHCD-UHFFFAOYSA-N	1,67	3,05
128-67-6	O=C1c2ccccc2C(=O)c2c1ccc(C(=O)O)c2[N+](=O)[O-]	InChI=1S/C14H8O5/c15-8-5-9(16)14(19)11-10(8)12(17)6-3-1-2-4-7(6)13(11)18/h1-5,15-16,19H	PMOCDYOEOUEPAN-UHFFFAOYSA-N	2,41	2,44
81-54-9	O=C1c2ccccc2C(=O)c2c(O)c(O)cc(O)c21	InChI=1S/C14H10O2/c15-14(16)13-11-7-3-1-5-9(11)10-6-2-4-8-12(10)13/h1-8,13H,(H,15,16)	BBNQQADTFFCFGB-UHFFFAOYSA-N	1,70	1,70
1989-33-9	O=C(O)C1c2ccccc2-c2ccccc21	InChI=1S/C15H12O/c1-10(16)11-6-7-15-13(8-11)9-12-4-2-3-5-14(12)15/h2-8H,9H2,1H3	DNVJGJUGFFYUPT-UHFFFAOYSA-N	-0,06	4,37
781-73-7	CC(=O)c1ccc2c(c1)Cc1ccccc1-2	InChI=1S/C9H5N3O4/c13-11(14)7-4-6-2-1-3-10-9(6)8(5-7)12(15)16/h1-5H	IBASEVZORZFIIH-UHFFFAOYSA-N	0,69	4,95
33685-60-8	O=[N+]([O-])c1c2ccccc2c([N+](=O)[O-])c2ccccc12	InChI=1S/C14H8N2O4/c17-15(18)13-9-5-1-2-6-10(9)14(16(19)20)12-8-4-3-7-11(12)13/h1-8H	XYPMAZCBFKBIFK-UHFFFAOYSA-N	2,12	3,45
